project_code,project_name,category,min_batch,max_batch,first_publish_year,province_list,protection_units,subitem_count
I-1,苗族古歌,民间文学,1,5,2006,湖南省、贵州省,4,4
I-10,西施传说,民间文学,1,1,2006,浙江省,1,1
I-100,王羲之传说,民间文学,3,3,2011,浙江省,1,1
I-101,李时珍传说,民间文学,3,3,2011,湖北省,1,1
I-102,蔡伦造纸传说,民间文学,3,3,2011,陕西省,1,1
I-103,牡丹传说,民间文学,3,3,2011,山东省,1,1
I-104,泰山传说,民间文学,3,3,2011,山东省,1,1
I-105,黄鹤楼传说,民间文学,3,3,2011,湖北省,1,1
I-106,烂柯山的传说,民间文学,3,3,2011,山西省、浙江省,2,2
I-107,珞巴族始祖传说,民间文学,3,3,2011,西藏自治区,1,1
I-108,阿尼玛卿雪山传说,民间文学,3,3,2011,青海省,1,1
I-109,锡伯族民间故事,民间文学,3,3,2011,辽宁省,1,1
I-11,济公传说,民间文学,1,1,2006,浙江省,1,1
I-110,嘉黎民间故事,民间文学,3,3,2011,西藏自治区,1,1
I-111,海洋动物故事,民间文学,3,3,2011,浙江省,1,1
I-112,土家族哭嫁歌,民间文学,3,3,2011,湖南省,2,2
I-113,坡芽情歌,民间文学,3,3,2011,云南省,1,1
I-114,祝赞词,民间文学,3,5,2011,内蒙古自治区、新疆维吾尔自治区、甘肃省,4,4
I-115,黑暗传,民间文学,3,3,2011,湖北省,2,2
I-116,陶克陶胡,民间文学,3,3,2011,吉林省,1,1
I-117,密洛陀,民间文学,3,3,2011,广西壮族自治区,1,1
I-118,亚鲁王,民间文学,3,3,2011,贵州省,1,1
I-119,目瑙斋瓦,民间文学,3,3,2011,云南省,1,1
I-12,满族说部,民间文学,1,5,2006,吉林省、黑龙江省,2,2
I-120,洛奇洛耶与扎斯扎依,民间文学,3,3,2011,云南省,1,1
I-121,阿细先基,民间文学,3,3,2011,云南省,1,1
I-122,羌戈大战,民间文学,3,3,2011,四川省,1,1
I-123,恰克恰克,民间文学,3,3,2011,新疆维吾尔自治区,1,1
I-124,酉阳古歌,民间文学,3,3,2011,重庆市,1,1
I-125,谚语(沪谚),民间文学,3,5,2011,上海市、新疆维吾尔自治区、陕西省,3,3
I-126,卢沟桥传说,民间文学,4,4,2014,北京市,1,1
I-127,鬼谷子传说,民间文学,4,4,2014,河北省,1,1
I-128,东海孝妇传说,民间文学,4,4,2014,江苏省,1,1
I-129,刘阮传说,民间文学,4,4,2014,浙江省,1,1
I-13,河西宝卷,民间文学,1,5,2006,江苏省、甘肃省,6,6
I-130,孔雀东南飞传说,民间文学,4,4,2014,安徽省,2,2
I-131,老子传说,民间文学,4,4,2014,安徽省、河南省,2,2
I-132,陈三五娘传说,民间文学,4,4,2014,福建省,1,1
I-133,胡峄阳传说,民间文学,4,4,2014,山东省,1,1
I-134,孟母教子传说,民间文学,4,4,2014,山东省,1,1
I-135,河图洛书传说,民间文学,4,4,2014,河南省,1,1
I-136,杞人忧天传说,民间文学,4,4,2014,河南省,1,1
I-137,三国传说,民间文学,4,4,2014,湖北省,1,1
I-138,伯牙子期传说,民间文学,4,4,2014,湖北省,1,1
I-139,尹吉甫传说,民间文学,4,4,2014,湖北省,1,1
I-14,耿村民间故事,民间文学,1,1,2006,河北省,1,1
I-140,苏仙传说,民间文学,4,4,2014,湖南省,1,1
I-141,毕阿史拉则传说,民间文学,4,4,2014,四川省,1,1
I-142,仓颉传说,民间文学,4,4,2014,陕西省,2,2
I-143,骆驼泉传说,民间文学,4,4,2014,青海省,1,1
I-144,回族民间故事,民间文学,4,4,2014,宁夏回族自治区,1,1
I-145,广禅侯故事,民间文学,4,4,2014,山西省,1,1
I-146,解缙故事,民间文学,4,4,2014,江西省,1,1
I-147,壮族百鸟衣故事,民间文学,4,4,2014,广西壮族自治区,1,1
I-148,阿凡提故事,民间文学,4,4,2014,新疆维吾尔自治区,1,1
I-149,广阳镇民间故事,民间文学,4,4,2014,重庆市,1,1
I-15,伍家沟民间故事,民间文学,1,1,2006,湖北省,1,1
I-150,西王母神话,民间文学,4,4,2014,新疆维吾尔自治区,1,1
I-151,盘王大歌,民间文学,4,4,2014,湖南省,1,1
I-152,玛牧,民间文学,4,4,2014,四川省,1,1
I-153,黑白战争,民间文学,4,4,2014,云南省,1,1
I-154,祁家延西,民间文学,4,4,2014,青海省,1,1
I-155,常山喝彩歌谣,民间文学,4,4,2014,浙江省,1,1
I-156,八大处传说,民间文学,5,5,2021,北京市,1,1
I-157,玄奘传说,民间文学,5,5,2021,河南省,1,1
I-158,女娲传说,民间文学,5,5,2021,湖北省,1,1
I-159,老司城传说,民间文学,5,5,2021,湖南省,1,1
I-16,下堡坪民间故事,民间文学,1,1,2006,湖北省,1,1
I-160,珠玑巷人南迁传说,民间文学,5,5,2021,广东省,1,1
I-161,张骞传说,民间文学,5,5,2021,陕西省,1,1
I-162,藏族民间传说(年保玉则传说),民间文学,5,5,2021,青海省,1,1
I-163,鄂温克族民间故事,民间文学,5,5,2021,内蒙古自治区,1,1
I-164,包公故事,民间文学,5,5,2021,安徽省,1,1
I-165,仫佬族古歌,民间文学,5,5,2021,广西壮族自治区,1,1
I-166,巴狄雄萨滚,民间文学,5,5,2021,贵州省,1,1
I-167,都玛简收,民间文学,5,5,2021,云南省,1,1
I-17,走马镇民间故事,民间文学,1,1,2006,重庆市,1,1
I-18,古渔雁民间故事,民间文学,1,1,2006,辽宁省,1,1
I-19,喀左东蒙民间故事,民间文学,1,1,2006,辽宁省,1,1
I-2,布洛陀,民间文学,1,1,2006,广西壮族自治区,1,1
I-20,谭振山民间故事,民间文学,1,1,2006,辽宁省,1,1
I-21,河间歌诗,民间文学,1,1,2006,河北省,1,1
I-22,吴歌,民间文学,1,2,2006,上海市、江苏省,3,3
I-23,刘三姐歌谣,民间文学,1,1,2006,广西壮族自治区,1,1
I-24,四季生产调,民间文学,1,1,2006,云南省,1,1
I-25,玛纳斯,民间文学,1,1,2006,新疆维吾尔自治区,2,2
I-26,江格尔,民间文学,1,5,2006,内蒙古自治区、新疆维吾尔自治区,5,5
I-27,格萨(斯)尔,民间文学,1,4,2006,中直单位、云南省、内蒙古自治区、四川省、新疆维吾尔自治区、甘肃省、西藏自治区、青海省,9,9
I-28,阿诗玛,民间文学,1,1,2006,云南省,1,1
I-29,拉仁布与吉门索,民间文学,1,1,2006,青海省,1,1
I-3,遮帕麻和遮咪麻,民间文学,1,1,2006,云南省,1,1
I-30,畲族小说歌,民间文学,1,1,2006,福建省,1,1
I-31,青林寺谜语,民间文学,1,2,2006,广东省、湖北省,2,2
I-32,八达岭长城传说,民间文学,2,2,2008,北京市,1,1
I-33,永定河传说,民间文学,2,2,2008,北京市,1,1
I-34,杨家将传说(穆桂英传说),民间文学,2,4,2008,北京市、天津市、山西省,3,3
I-35,尧的传说,民间文学,2,3,2008,山东省、山西省,2,2
I-36,牛郎织女传说,民间文学,2,3,2008,山东省、山西省、陕西省,3,3
I-37,西湖传说,民间文学,2,2,2008,浙江省,1,1
I-38,刘伯温传说,民间文学,2,2,2008,浙江省,2,2
I-39,黄初平(黄大仙)传说,民间文学,2,2,2008,浙江省,1,1
I-4,牡帕密帕,民间文学,1,1,2006,云南省,1,1
I-40,观音传说,民间文学,2,2,2008,浙江省,1,1
I-41,徐福东渡传说,民间文学,2,3,2008,山东省、江苏省、浙江省,5,5
I-42,陶朱公传说,民间文学,2,2,2008,山东省,1,1
I-43,麒麟传说,民间文学,2,2,2008,山东省,2,2
I-44,鲁班传说,民间文学,2,2,2008,山东省,2,2
I-45,八仙传说,民间文学,2,2,2008,山东省,1,1
I-46,秃尾巴老李的传说,民间文学,2,2,2008,山东省,4,4
I-47,屈原传说,民间文学,2,2,2008,湖北省,1,1
I-48,王昭君传说,民间文学,2,2,2008,湖北省,1,1
I-49,炎帝神农传说,民间文学,2,2,2008,湖北省,2,2
I-5,刻道,民间文学,1,1,2006,贵州省,1,1
I-50,木兰传说,民间文学,2,3,2008,河南省、湖北省、陕西省,3,3
I-51,巴拉根仓的故事,民间文学,2,2,2008,内蒙古自治区,1,1
I-52,北票民间故事,民间文学,2,2,2008,辽宁省,1,1
I-53,满族民间故事,民间文学,2,2,2008,辽宁省,1,1
I-54,徐文长故事,民间文学,2,2,2008,浙江省,1,1
I-55,崂山民间故事,民间文学,2,2,2008,山东省,1,1
I-56,都镇湾故事,民间文学,2,2,2008,湖北省,1,1
I-57,盘古神话,民间文学,2,2,2008,河南省,2,2
I-58,邵原神话群,民间文学,2,2,2008,河南省,1,1
I-59,嘎达梅林,民间文学,2,2,2008,内蒙古自治区,1,1
I-6,白蛇传传说,民间文学,1,1,2006,江苏省、浙江省,2,2
I-60,科尔沁潮尔史诗,民间文学,2,2,2008,内蒙古自治区,1,1
I-61,仰阿莎,民间文学,2,2,2008,贵州省,1,1
I-62,布依族盘歌,民间文学,2,2,2008,贵州省,1,1
I-63,梅葛,民间文学,2,2,2008,云南省,1,1
I-64,查姆,民间文学,2,2,2008,云南省,1,1
I-65,达古达楞格莱标,民间文学,2,2,2008,云南省,1,1
I-66,哈尼哈吧,民间文学,2,2,2008,云南省,1,1
I-67,召树屯与喃木诺娜,民间文学,2,2,2008,云南省,1,1
I-68,米拉尕黑,民间文学,2,2,2008,甘肃省,1,1
I-69,康巴拉伊,民间文学,2,2,2008,青海省,1,1
I-7,梁祝传说,民间文学,1,1,2006,山东省、江苏省、河南省、浙江省,6,6
I-70,汗青格勒,民间文学,2,2,2008,青海省,1,1
I-71,维吾尔族达斯坦,民间文学,2,2,2008,新疆维吾尔自治区,1,1
I-72,哈萨克族达斯坦,民间文学,2,2,2008,新疆维吾尔自治区,3,3
I-73,珠郎娘美,民间文学,2,2,2008,贵州省,2,2
I-74,司岗里,民间文学,2,3,2008,云南省,2,2
I-75,彝族克智,民间文学,2,2,2008,四川省,1,1
I-76,苗族贾理,民间文学,2,2,2008,贵州省,1,1
I-77,藏族婚宴十八说,民间文学,2,2,2008,青海省,1,1
I-78,童谣(北京童谣),民间文学,2,5,2008,云南省、北京市、浙江省、福建省,4,4
I-79,桐城歌,民间文学,2,2,2008,安徽省,1,1
I-8,孟姜女传说,民间文学,1,4,2006,山东省、河北省、湖南省,5,5
I-80,土家族梯玛歌,民间文学,2,2,2008,湖南省,1,1
I-81,雷州歌,民间文学,2,2,2008,广东省,1,1
I-82,壮族嘹歌,民间文学,2,2,2008,广西壮族自治区,1,1
I-83,柯尔克孜约隆,民间文学,2,2,2008,新疆维吾尔自治区,2,2
I-84,笑话(万荣笑话),民间文学,2,2,2008,山西省,1,1
I-85,天坛传说,民间文学,3,3,2011,北京市,1,1
I-86,曹雪芹传说,民间文学,3,3,2011,北京市,1,1
I-87,契丹始祖传说,民间文学,3,3,2011,河北省,1,1
I-88,赵氏孤儿传说,民间文学,3,3,2011,山西省,1,1
I-89,白马拖缰传说,民间文学,3,3,2011,山西省,1,1
I-9,董永传说,民间文学,1,3,2006,山东省、山西省、江苏省、河南省、湖北省,7,7
I-90,舜的传说,民间文学,3,3,2011,山东省、山西省,2,2
I-91,禹的传说,民间文学,3,5,2011,四川省、湖北省,3,3
I-92,防风传说,民间文学,3,3,2011,浙江省,1,1
I-93,盘瓠传说,民间文学,3,3,2011,湖南省,1,1
I-94,庄子传说,民间文学,3,3,2011,山东省,1,1
I-95,柳毅传说,民间文学,3,3,2011,山东省,1,1
I-96,禅宗祖师传说,民间文学,3,5,2011,广东省、湖北省,2,2
I-97,布袋和尚传说,民间文学,3,3,2011,浙江省,1,1
I-98,钱王传说,民间文学,3,3,2011,浙江省,1,1
I-99,苏东坡传说,民间文学,3,4,2011,浙江省、湖北省,2,2
II-1,左权开花调,传统音乐,1,1,2006,山西省,1,1
II-10,桑植民歌,传统音乐,1,1,2006,湖南省,1,1
II-100,森林号子(长白山森林号子),传统音乐,2,2,2008,吉林省、黑龙江省,2,2
II-101,搬运号子(梁平抬儿调),传统音乐,2,2,2008,重庆市,2,2
II-102,制作号子(竹麻号子),传统音乐,2,2,2008,四川省,1,1
II-103,鲁南五大调,传统音乐,2,2,2008,山东省,2,2
II-104,老河口丝弦,传统音乐,2,2,2008,湖北省,1,1
II-105,蒙古族民歌(科尔沁叙事民歌),传统音乐,2,5,2008,内蒙古自治区、吉林省、新疆维吾尔自治区、辽宁省、青海省,9,9
II-106,鄂温克族民歌(鄂温克叙事民歌),传统音乐,2,2,2008,内蒙古自治区,1,1
II-107,鄂伦春族民歌(鄂伦春族赞达仁),传统音乐,2,2,2008,内蒙古自治区、黑龙江省,2,2
II-108,达斡尔族民歌(达斡尔扎恩达勒),传统音乐,2,2,2008,内蒙古自治区、黑龙江省,2,2
II-109,苗族民歌(湘西苗族民歌),传统音乐,2,4,2008,海南省、湖南省、贵州省、重庆市,5,5
II-11,梅州客家山歌,传统音乐,1,1,2006,广东省,1,1
II-110,瑶族民歌(花瑶呜哇山歌),传统音乐,2,4,2008,广东省、湖南省,2,2
II-111,黎族民歌(琼中黎族民歌),传统音乐,2,2,2008,海南省,1,1
II-112,布依族民歌(好花红调),传统音乐,2,2,2008,贵州省,1,1
II-113,彝族民歌(彝族酒歌),传统音乐,2,3,2008,云南省、贵州省,2,2
II-114,布朗族民歌(布朗族弹唱),传统音乐,2,2,2008,云南省,1,1
II-115,藏族民歌(川西藏族山歌),传统音乐,2,4,2008,四川省、甘肃省、西藏自治区、青海省,10,10
II-116,维吾尔族民歌(罗布淖尔维吾尔族民歌),传统音乐,2,4,2008,新疆维吾尔自治区,3,3
II-117,乌孜别克族埃希来、叶来,传统音乐,2,2,2008,新疆维吾尔自治区,3,3
II-118,回族宴席曲,传统音乐,2,2,2008,青海省,1,1
II-119,琵琶艺术(瀛洲古调派),传统音乐,2,2,2008,上海市、浙江省,3,3
II-12,中山咸水歌,传统音乐,1,1,2006,广东省,1,1
II-120,古筝艺术(山东古筝乐),传统音乐,2,4,2008,山东省、河南省,2,2
II-121,笙管乐(复州双管乐),传统音乐,2,2,2008,河南省、辽宁省,3,3
II-122,津门法鼓(挂甲寺庆音法鼓),传统音乐,2,4,2008,天津市,3,4
II-123,锣鼓艺术(汉沽飞镲),传统音乐,2,5,2008,上海市、天津市、山东省、山西省、广东省、江西省、河北省、河南省、湖北省、重庆市、陕西省,19,19
II-124,朝鲜族洞箫音乐,传统音乐,2,3,2008,吉林省、陕西省,3,3
II-125,土家族咚咚喹,传统音乐,2,2,2008,湖南省,1,1
II-126,哈萨克六十二阔恩尔,传统音乐,2,2,2008,新疆维吾尔自治区,1,1
II-127,维吾尔族鼓吹乐,传统音乐,2,2,2008,新疆维吾尔自治区,1,1
II-128,洞经音乐(文昌洞经古乐),传统音乐,2,4,2008,云南省、四川省,3,3
II-129,芦笙音乐(侗族芦笙),传统音乐,2,2,2008,湖南省、贵州省,2,2
II-13,崖州民歌,传统音乐,1,2,2006,海南省,2,2
II-130,布依族勒尤,传统音乐,2,2,2008,贵州省,3,3
II-131,藏族扎木聂弹唱,传统音乐,2,5,2008,西藏自治区、青海省,2,2
II-132,哈萨克族冬布拉艺术,传统音乐,2,2,2008,新疆维吾尔自治区,1,1
II-133,柯尔克孜族库姆孜艺术,传统音乐,2,2,2008,新疆维吾尔自治区,2,2
II-134,蒙古族绰尔,传统音乐,2,2,2008,新疆维吾尔自治区,1,1
II-135,黎族竹木器乐,传统音乐,2,2,2008,海南省,2,2
II-136,口弦音乐,传统音乐,2,3,2008,四川省,2,2
II-137,吟诵调(常州吟诵),传统音乐,2,2,2008,江苏省,1,1
II-138,佛教音乐(天宁寺梵呗唱诵),传统音乐,2,4,2008,四川省、宁夏回族自治区、山东省、山西省、江苏省、河南省、甘肃省、西藏自治区、陕西省、青海省,13,13
II-139,道教音乐(广宗太平道乐),传统音乐,2,4,2008,上海市、四川省、安徽省、山东省、山西省、江苏省、江西省、河北省、浙江省、海南省、澳门特别行政区、甘肃省、陕西省、香港特别行政区,20,20
II-14,儋州调声,传统音乐,1,1,2006,海南省,1,1
II-140,凤阳民歌,传统音乐,3,3,2011,安徽省,1,1
II-141,九江山歌,传统音乐,3,3,2011,江西省,1,1
II-142,利川灯歌,传统音乐,3,3,2011,湖北省,1,1
II-143,天门民歌,传统音乐,3,3,2011,湖北省,1,1
II-144,临高渔歌,传统音乐,3,3,2011,海南省,1,1
II-145,弥渡民歌,传统音乐,3,3,2011,云南省,1,1
II-146,青海汉族民间小调,传统音乐,3,3,2011,青海省,1,1
II-147,阿里郎,传统音乐,3,3,2011,吉林省,1,1
II-148,哈萨克族民歌,传统音乐,3,3,2011,新疆维吾尔自治区,1,1
II-149,塔吉克族民歌,传统音乐,3,3,2011,新疆维吾尔自治区,1,1
II-15,石柱土家啰儿调,传统音乐,1,1,2006,重庆市,1,1
II-150,茅山号子,传统音乐,3,3,2011,江苏省,1,1
II-151,弦索乐(菏泽弦索乐),传统音乐,3,3,2011,山东省,1,1
II-152,纳西族白沙细乐,传统音乐,3,3,2011,云南省,1,1
II-153,伽倻琴艺术,传统音乐,3,3,2011,吉林省,1,1
II-154,京族独弦琴艺术,传统音乐,3,3,2011,广西壮族自治区,1,1
II-155,哈萨克族库布孜,传统音乐,3,3,2011,新疆维吾尔自治区,1,1
II-156,土家族民歌,传统音乐,4,4,2014,湖南省、贵州省,2,2
II-157,渔歌(洞庭渔歌),传统音乐,4,5,2014,广东省、浙江省、湖南省,3,3
II-158,西岭山歌,传统音乐,4,4,2014,四川省,1,1
II-159,旬阳民歌,传统音乐,4,4,2014,陕西省,1,1
II-16,巴山背二歌,传统音乐,1,1,2006,四川省,1,1
II-160,撒拉族民歌,传统音乐,4,4,2014,青海省,1,1
II-161,锡伯族民歌,传统音乐,4,4,2014,新疆维吾尔自治区,1,1
II-162,凌云壮族七十二巫调音乐,传统音乐,4,4,2014,广西壮族自治区,1,1
II-163,毕摩音乐,传统音乐,4,4,2014,四川省,1,1
II-164,剑川白曲,传统音乐,4,4,2014,云南省,1,1
II-165,阿斯尔,传统音乐,4,4,2014,内蒙古自治区,1,1
II-166,莆仙十音八乐,传统音乐,4,4,2014,福建省,1,1
II-167,蒙古族汗廷音乐,传统音乐,4,4,2014,内蒙古自治区,1,1
II-168,浏阳文庙祭孔音乐,传统音乐,4,4,2014,湖南省,1,1
II-169,潮尔(蒙古族弓弦乐),传统音乐,4,4,2014,内蒙古自治区,1,1
II-17,傈僳族民歌,传统音乐,1,1,2006,云南省,2,2
II-170,蒙古族托布秀尔音乐,传统音乐,4,4,2014,新疆维吾尔自治区,1,1
II-171,赫哲族嫁令阔,传统音乐,5,5,2021,黑龙江省,1,1
II-172,崇明山歌,传统音乐,5,5,2021,上海市,1,1
II-173,南闸民歌,传统音乐,5,5,2021,江苏省,1,1
II-174,嘉禾伴嫁歌,传统音乐,5,5,2021,湖南省,1,1
II-175,疍歌,传统音乐,5,5,2021,海南省,1,1
II-176,仡佬族民歌,传统音乐,5,5,2021,贵州省,1,1
II-177,独龙族民歌,传统音乐,5,5,2021,云南省,1,1
II-178,门巴族萨玛民歌,传统音乐,5,5,2021,西藏自治区,1,1
II-179,甘州小调,传统音乐,5,5,2021,甘肃省,1,1
II-18,紫阳民歌,传统音乐,1,1,2006,陕西省,1,1
II-180,阿柔逗曲,传统音乐,5,5,2021,青海省,1,1
II-181,两当号子,传统音乐,5,5,2021,甘肃省,1,1
II-182,鼓吹乐(海龙鼓吹乐),传统音乐,5,5,2021,吉林省、黑龙江省,2,2
II-183,朝鲜族奚琴艺术,传统音乐,5,5,2021,吉林省,1,1
II-184,二胡艺术(江南孙氏二胡艺术),传统音乐,5,5,2021,上海市,1,1
II-185,俄罗斯族巴扬艺术,传统音乐,5,5,2021,新疆维吾尔自治区,1,1
II-186,壮族天琴艺术,传统音乐,5,5,2021,广西壮族自治区,1,1
II-187,阿数瑟,传统音乐,5,5,2021,云南省,1,1
II-188,天坛神乐署中和韶乐,传统音乐,5,5,2021,北京市,1,1
II-189,宣抚司礼仪乐舞,传统音乐,5,5,2021,云南省,1,1
II-19,裕固族民歌,传统音乐,1,1,2006,甘肃省,1,1
II-2,河曲民歌,传统音乐,1,1,2006,山西省,1,1
II-20,花儿(莲花山花儿会),传统音乐,1,4,2006,宁夏回族自治区、新疆维吾尔自治区、甘肃省、青海省,11,11
II-21,藏族拉伊,传统音乐,1,4,2006,西藏自治区、青海省,2,2
II-22,聊斋俚曲,传统音乐,1,1,2006,山东省,1,1
II-23,靖州苗族歌鼟,传统音乐,1,1,2006,湖南省,1,1
II-24,川江号子,传统音乐,1,1,2006,四川省、重庆市,2,2
II-25,南溪号子,传统音乐,1,1,2006,重庆市,1,1
II-26,木洞山歌,传统音乐,1,1,2006,重庆市,1,1
II-27,川北薅草锣鼓,传统音乐,1,4,2006,四川省、江苏省、江西省、湖北省,9,9
II-28,侗族大歌,传统音乐,1,2,2006,广西壮族自治区、贵州省,5,5
II-29,侗族琵琶歌,传统音乐,1,3,2006,贵州省,3,3
II-3,蒙古族长调民歌,传统音乐,1,5,2006,内蒙古自治区、新疆维吾尔自治区,5,5
II-30,哈尼族多声部民歌,传统音乐,1,4,2006,云南省、内蒙古自治区、四川省、广西壮族自治区、贵州省,10,10
II-31,彝族海菜腔,传统音乐,1,1,2006,云南省,1,1
II-32,那坡壮族民歌,传统音乐,1,1,2006,广西壮族自治区,1,1
II-33,澧水船工号子,传统音乐,1,1,2006,湖南省,1,1
II-34,古琴艺术,传统音乐,1,5,2006,中直单位、北京市、山东省、广东省、江苏省、浙江省、陕西省、香港特别行政区,12,12
II-35,蒙古族马头琴音乐,传统音乐,1,5,2006,内蒙古自治区、吉林省、辽宁省,3,3
II-36,蒙古族四胡音乐,传统音乐,1,4,2006,内蒙古自治区、吉林省、黑龙江省,4,4
II-37,唢呐艺术,传统音乐,1,5,2006,安徽省、山东省、山西省、江苏省、江西省、河北省、河南省、湖北省、湖南省、甘肃省、福建省、辽宁省、重庆市、陕西省、黑龙江省,27,27
II-38,羌笛演奏及制作技艺,传统音乐,1,1,2006,四川省,1,1
II-39,辽宁鼓乐,传统音乐,1,1,2006,辽宁省,2,2
II-4,蒙古族呼麦,传统音乐,1,2,2006,内蒙古自治区、新疆维吾尔自治区,2,2
II-40,江南丝竹,传统音乐,1,2,2006,上海市、江苏省、浙江省,3,3
II-41,海州五大宫调,传统音乐,1,1,2006,江苏省,1,1
II-42,嵊州吹打,传统音乐,1,1,2006,浙江省,1,1
II-43,舟山锣鼓,传统音乐,1,1,2006,浙江省,1,1
II-44,十番音乐(闽西客家十番音乐),传统音乐,1,2,2006,广东省、江苏省、浙江省、海南省、福建省,9,9
II-45,鲁西南鼓吹乐,传统音乐,1,3,2006,山东省,4,4
II-46,板头曲,传统音乐,1,1,2006,河南省,1,1
II-47,宜昌丝竹,传统音乐,1,1,2006,湖北省,1,1
II-48,枝江民间吹打乐,传统音乐,1,1,2006,湖北省,1,1
II-49,广东音乐,传统音乐,1,1,2006,广东省,2,2
II-5,当涂民歌,传统音乐,1,1,2006,安徽省,1,1
II-50,潮州音乐,传统音乐,1,1,2006,广东省,2,2
II-51,广东汉乐,传统音乐,1,1,2006,广东省,1,1
II-52,吹打(接龙吹打),传统音乐,1,3,2006,广西壮族自治区、重庆市,3,3
II-53,梁平癞子锣鼓,传统音乐,1,1,2006,重庆市,1,1
II-54,土家族打溜子,传统音乐,1,2,2006,湖北省、湖南省,3,3
II-55,河北鼓吹乐,传统音乐,1,1,2006,河北省,2,2
II-56,晋南威风锣鼓,传统音乐,1,1,2006,山西省,1,1
II-57,绛州鼓乐,传统音乐,1,1,2006,山西省,1,1
II-58,上党八音会,传统音乐,1,1,2006,山西省,1,1
II-59,冀中笙管乐(屈家营音乐会),传统音乐,1,2,2006,北京市、河北省,11,16
II-6,巢湖民歌,传统音乐,1,1,2006,安徽省,1,1
II-60,铜鼓十二调,传统音乐,1,1,2006,贵州省,2,2
II-61,西安鼓乐,传统音乐,1,1,2006,陕西省,1,1
II-62,蓝田普化水会音乐,传统音乐,1,1,2006,陕西省,1,1
II-63,回族民间器乐,传统音乐,1,1,2006,宁夏回族自治区,1,1
II-64,文水鈲子,传统音乐,1,1,2006,山西省,1,1
II-65,智化寺京音乐,传统音乐,1,1,2006,北京市,1,1
II-66,五台山佛乐,传统音乐,1,1,2006,山西省,1,1
II-67,千山寺庙音乐,传统音乐,1,1,2006,辽宁省,1,1
II-68,苏州玄妙观道教音乐,传统音乐,1,1,2006,江苏省,1,1
II-69,武当山宫观道乐,传统音乐,1,1,2006,湖北省,1,1
II-7,畲族民歌,传统音乐,1,3,2006,浙江省、福建省,3,3
II-70,新疆维吾尔木卡姆艺术(十二木卡姆),传统音乐,1,1,2006,新疆维吾尔自治区,4,4
II-71,南音,传统音乐,1,1,2006,福建省,2,2
II-72,泉州北管,传统音乐,1,1,2006,福建省,1,1
II-73,陕北民歌,传统音乐,2,2,2008,陕西省,2,2
II-74,昌黎民歌,传统音乐,2,2,2008,河北省,1,1
II-75,高邮民歌,传统音乐,2,2,2008,江苏省,1,1
II-76,五河民歌,传统音乐,2,2,2008,安徽省,1,1
II-77,大别山民歌,传统音乐,2,2,2008,安徽省,1,1
II-78,徽州民歌,传统音乐,2,2,2008,安徽省,1,1
II-79,信阳民歌,传统音乐,2,2,2008,河南省,1,1
II-8,兴国山歌,传统音乐,1,1,2006,江西省,1,1
II-80,西坪民歌,传统音乐,2,2,2008,河南省,1,1
II-81,马山民歌,传统音乐,2,2,2008,湖北省,1,1
II-82,潜江民歌,传统音乐,2,2,2008,湖北省,1,1
II-83,吕家河民歌,传统音乐,2,2,2008,湖北省,1,1
II-84,秀山民歌,传统音乐,2,2,2008,重庆市,1,1
II-85,酉阳民歌,传统音乐,2,2,2008,重庆市,1,1
II-86,镇巴民歌,传统音乐,2,2,2008,陕西省,1,1
II-87,嘉善田歌,传统音乐,2,2,2008,浙江省,1,1
II-88,南坪曲子,传统音乐,2,2,2008,四川省,1,1
II-89,茶山号子,传统音乐,2,2,2008,湖南省,1,1
II-9,兴山民歌,传统音乐,1,1,2006,湖北省,1,1
II-90,啰啰咚,传统音乐,2,2,2008,湖北省,1,1
II-91,爬山调,传统音乐,2,2,2008,内蒙古自治区,2,2
II-92,漫瀚调,传统音乐,2,2,2008,内蒙古自治区,1,1
II-93,惠东渔歌,传统音乐,2,2,2008,广东省,1,1
II-94,海门山歌,传统音乐,2,2,2008,江苏省,1,1
II-95,新化山歌,传统音乐,2,2,2008,湖南省,1,1
II-96,姚安坝子腔,传统音乐,2,2,2008,云南省,1,1
II-97,海洋号子(舟山渔民号子),传统音乐,2,3,2008,山东省、浙江省、辽宁省,4,4
II-98,江河号子(黄河号子),传统音乐,2,2,2008,河南省、湖北省、湖南省,6,6
II-99,码头号子(上海港码头号子),传统音乐,2,2,2008,上海市,2,2
III-1,京西太平鼓,传统舞蹈,1,2,2006,北京市,3,3
III-10,永新盾牌舞,传统舞蹈,1,3,2006,江西省、浙江省,2,2
III-100,跳花棚,传统舞蹈,3,3,2011,广东省,1,1
III-101,老古舞,传统舞蹈,3,3,2011,海南省,1,1
III-102,跳曹盖,传统舞蹈,3,3,2011,四川省,1,1
III-103,棕扇舞,传统舞蹈,3,3,2011,云南省,1,1
III-104,鄂温克族萨满舞,传统舞蹈,3,3,2011,内蒙古自治区,1,1
III-105,协荣仲孜,传统舞蹈,3,3,2011,西藏自治区,1,1
III-106,普兰果尔孜,传统舞蹈,3,3,2011,西藏自治区,1,1
III-107,陈塘夏尔巴歌舞,传统舞蹈,3,3,2011,西藏自治区,1,1
III-108,巴当舞,传统舞蹈,3,3,2011,甘肃省,1,1
III-109,安昭,传统舞蹈,3,3,2011,青海省,1,1
III-11,翼城花鼓,传统舞蹈,1,1,2006,山西省,1,1
III-110,萨玛舞,传统舞蹈,3,3,2011,新疆维吾尔自治区,1,1
III-111,哈萨克族卡拉角勒哈,传统舞蹈,3,3,2011,新疆维吾尔自治区,1,1
III-112,太子务武吵子,传统舞蹈,4,4,2014,北京市,1,1
III-113,左权小花戏,传统舞蹈,4,4,2014,山西省,1,1
III-114,博舞,传统舞蹈,4,4,2014,吉林省,1,1
III-115,洪泽湖渔鼓,传统舞蹈,4,4,2014,江苏省,2,2
III-116,龙岩采茶灯,传统舞蹈,4,4,2014,福建省,1,1
III-117,宜黄禾杠舞,传统舞蹈,4,4,2014,江西省,1,1
III-118,耍老虎,传统舞蹈,4,4,2014,河南省,1,1
III-119,棕包脑,传统舞蹈,4,4,2014,湖南省,1,1
III-12,泉州拍胸舞,传统舞蹈,1,1,2006,福建省,1,1
III-120,瑶族金锣舞,传统舞蹈,4,4,2014,广西壮族自治区,1,1
III-121,玩牛,传统舞蹈,4,4,2014,重庆市,1,1
III-122,古蔺花灯,传统舞蹈,4,4,2014,四川省,1,1
III-123,登嘎甘(熊猫舞),传统舞蹈,4,4,2014,四川省,1,1
III-124,阿妹戚托,传统舞蹈,4,4,2014,贵州省,1,1
III-125,布依族转场舞,传统舞蹈,4,4,2014,贵州省,1,1
III-126,耳子歌,传统舞蹈,4,4,2014,云南省,1,1
III-127,铓鼓舞,传统舞蹈,4,4,2014,云南省,1,1
III-128,水鼓舞,传统舞蹈,4,4,2014,云南省,1,1
III-129,怒族达比亚舞,传统舞蹈,4,4,2014,云南省,1,1
III-13,安塞腰鼓,传统舞蹈,1,1,2006,陕西省,1,1
III-130,锅哇(玉树武士舞),传统舞蹈,4,4,2014,青海省,1,1
III-131,纳孜库姆,传统舞蹈,4,4,2014,新疆维吾尔自治区,1,1
III-132,六郎庄五虎棍,传统舞蹈,5,5,2021,北京市,1,1
III-133,翼城浑身板,传统舞蹈,5,5,2021,山西省,1,1
III-134,泰兴花鼓,传统舞蹈,5,5,2021,江苏省,1,1
III-135,佾舞,传统舞蹈,5,5,2021,福建省,1,1
III-136,阴阳板,传统舞蹈,5,5,2021,山东省,1,1
III-137,海南苗族盘皇舞,传统舞蹈,5,5,2021,海南省,1,1
III-138,多耶,传统舞蹈,5,5,2021,广西壮族自治区,1,1
III-139,壮族打扁担,传统舞蹈,5,5,2021,广西壮族自治区,1,1
III-14,洛川蹩鼓,传统舞蹈,1,1,2006,陕西省,1,1
III-140,苗族古瓢舞,传统舞蹈,5,5,2021,贵州省,1,1
III-141,傣族白象、马鹿舞,传统舞蹈,5,5,2021,云南省,1,1
III-142,陇西云阳板,传统舞蹈,5,5,2021,甘肃省,1,1
III-143,黄羊钱鞭,传统舞蹈,5,5,2021,宁夏回族自治区,1,1
III-144,俄罗斯族踢踏舞,传统舞蹈,5,5,2021,新疆维吾尔自治区,1,1
III-15,兰州太平鼓,传统舞蹈,1,1,2006,甘肃省,1,1
III-16,余杭滚灯,传统舞蹈,1,2,2006,上海市、浙江省,3,3
III-17,土家族摆手舞,传统舞蹈,1,2,2006,湖北省、湖南省、重庆市,3,3
III-18,土家族撒叶儿嗬,传统舞蹈,1,4,2006,湖北省、湖南省,4,4
III-19,弦子舞(巴塘弦子舞),传统舞蹈,1,2,2006,四川省、西藏自治区、青海省,3,3
III-2,秧歌(昌黎地秧歌),传统舞蹈,1,5,2006,北京市、吉林省、天津市、山东省、山西省、河北省、辽宁省、陕西省,17,17
III-20,锅庄舞(迪庆锅庄舞),传统舞蹈,1,5,2006,云南省、四川省、甘肃省、西藏自治区、青海省,11,11
III-21,热巴舞(丁青热巴),传统舞蹈,1,4,2006,云南省、西藏自治区,3,3
III-22,日喀则扎什伦布寺羌姆,传统舞蹈,1,4,2006,西藏自治区,8,8
III-23,苗族芦笙舞(锦鸡舞),传统舞蹈,1,4,2006,贵州省,8,8
III-24,朝鲜族农乐舞(乞粒舞),传统舞蹈,1,2,2006,吉林省、辽宁省,3,3
III-25,木鼓舞(反排苗族木鼓舞),传统舞蹈,1,1,2006,云南省、贵州省,2,2
III-26,铜鼓舞(文山壮族、彝族铜鼓舞),传统舞蹈,1,4,2006,云南省、广西壮族自治区、贵州省,4,4
III-27,傣族孔雀舞,传统舞蹈,1,1,2006,云南省,1,1
III-28,达斡尔族鲁日格勒舞,传统舞蹈,1,1,2006,内蒙古自治区、黑龙江省,2,2
III-29,蒙古族安代舞,传统舞蹈,1,1,2006,内蒙古自治区,1,1
III-3,井陉拉花,传统舞蹈,1,1,2006,河北省,1,1
III-30,湘西苗族鼓舞,传统舞蹈,1,1,2006,湖南省,1,1
III-31,湘西土家族毛古斯舞,传统舞蹈,1,1,2006,湖南省,1,1
III-32,黎族打柴舞,传统舞蹈,1,1,2006,海南省,1,1
III-33,卡斯达温舞,传统舞蹈,1,1,2006,四川省,1,1
III-34,㑇舞,传统舞蹈,1,1,2006,四川省,1,1
III-35,傈僳族阿尺木刮,传统舞蹈,1,1,2006,云南省,1,1
III-36,彝族葫芦笙舞,传统舞蹈,1,1,2006,云南省,1,1
III-37,彝族烟盒舞,传统舞蹈,1,1,2006,云南省,1,1
III-38,基诺大鼓舞,传统舞蹈,1,1,2006,云南省,1,1
III-39,山南昌果卓舞,传统舞蹈,1,5,2006,西藏自治区,4,4
III-4,龙舞(铜梁龙舞),传统舞蹈,1,5,2006,上海市、四川省、安徽省、山东省、广东省、江苏省、河北省、河南省、浙江省、湖北省、湖南省、福建省、辽宁省、重庆市,43,43
III-40,土族於菟,传统舞蹈,1,1,2006,青海省,1,1
III-41,塔吉克族鹰舞,传统舞蹈,1,1,2006,新疆维吾尔自治区,1,1
III-42,鼓舞(花钹大鼓),传统舞蹈,2,5,2008,云南省、北京市、吉林省、山东省、山西省、河北省、浙江省、甘肃省、辽宁省、陕西省,19,19
III-43,麒麟舞,传统舞蹈,2,4,2008,山西省、广东省、河北省、河南省、香港特别行政区,9,9
III-44,竹马(东坝大马灯),传统舞蹈,2,4,2008,江苏省、浙江省,4,4
III-45,灯舞(青田鱼灯舞),传统舞蹈,2,5,2008,安徽省、广东省、江西省、河南省、浙江省、湖北省、福建省,11,12
III-46,沧州落子,传统舞蹈,2,2,2008,河北省,1,1
III-47,十八蝴蝶,传统舞蹈,2,2,2008,浙江省,1,1
III-48,火老虎,传统舞蹈,2,2,2008,安徽省,1,1
III-49,商羊舞,传统舞蹈,2,2,2008,山东省,1,1
III-5,狮舞(徐水舞狮),传统舞蹈,1,5,2006,上海市、北京市、山西省、广东省、广西壮族自治区、江西省、河北省、河南省、浙江省、贵州省、重庆市,23,23
III-50,跑帷子,传统舞蹈,2,2,2008,河南省,1,1
III-51,官会响锣,传统舞蹈,2,2,2008,河南省,1,1
III-52,肉连响,传统舞蹈,2,2,2008,湖北省,1,1
III-53,禾楼舞,传统舞蹈,2,2,2008,广东省,1,1
III-54,蜈蚣舞,传统舞蹈,2,2,2008,广东省,1,1
III-55,翻山铰子,传统舞蹈,2,2,2008,四川省,1,1
III-56,靖边跑驴,传统舞蹈,2,2,2008,陕西省,1,1
III-57,查玛,传统舞蹈,2,2,2008,内蒙古自治区,1,1
III-58,朝鲜族鹤舞,传统舞蹈,2,3,2008,吉林省、广东省,2,2
III-59,朝鲜族长鼓舞,传统舞蹈,2,2,2008,吉林省,1,1
III-6,花鼓灯(蚌埠花鼓灯),传统舞蹈,1,1,2006,安徽省,3,3
III-60,瑶族长鼓舞,传统舞蹈,2,3,2008,广东省、广西壮族自治区、湖南省,5,5
III-61,傣族象脚鼓舞,传统舞蹈,2,2,2008,云南省,2,2
III-62,羌族羊皮鼓舞,传统舞蹈,2,2,2008,四川省,1,1
III-63,毛南族打猴鼓舞,传统舞蹈,2,2,2008,贵州省,1,1
III-64,瑶族猴鼓舞,传统舞蹈,2,2,2008,贵州省,1,1
III-65,高山族拉手舞,传统舞蹈,2,2,2008,福建省,1,1
III-66,得荣学羌,传统舞蹈,2,2,2008,四川省,1,1
III-67,甲搓,传统舞蹈,2,2,2008,四川省,1,1
III-68,博巴森根,传统舞蹈,2,2,2008,四川省,1,1
III-69,彝族铃铛舞,传统舞蹈,2,2,2008,贵州省,1,1
III-7,傩舞(南丰跳傩),传统舞蹈,1,5,2006,安徽省、山西省、广东省、江西省、甘肃省、福建省,12,12
III-70,彝族打歌,传统舞蹈,2,2,2008,云南省,1,1
III-71,彝族跳菜,传统舞蹈,2,2,2008,云南省,1,1
III-72,彝族老虎笙,传统舞蹈,2,2,2008,云南省,1,1
III-73,彝族左脚舞,传统舞蹈,2,2,2008,云南省,1,1
III-74,乐作舞,传统舞蹈,2,2,2008,云南省,1,1
III-75,彝族三弦舞(阿细跳月),传统舞蹈,2,2,2008,云南省,2,2
III-76,纳西族热美蹉,传统舞蹈,2,2,2008,云南省,1,1
III-77,布朗族蜂桶鼓舞,传统舞蹈,2,2,2008,云南省,1,1
III-78,普米族搓蹉,传统舞蹈,2,2,2008,云南省,1,1
III-79,拉祜族芦笙舞,传统舞蹈,2,2,2008,云南省,1,1
III-8,英歌(普宁英歌),传统舞蹈,1,3,2006,广东省,3,3
III-80,宣舞(古格宣舞),传统舞蹈,2,4,2008,西藏自治区,3,3
III-81,拉萨囊玛,传统舞蹈,2,2,2008,西藏自治区,1,1
III-82,堆谐(拉孜堆谐),传统舞蹈,2,4,2008,四川省、西藏自治区,2,2
III-83,谐钦(拉萨纳如谐钦),传统舞蹈,2,3,2008,甘肃省、西藏自治区,3,3
III-84,阿谐(达布阿谐),传统舞蹈,2,2,2008,西藏自治区,1,1
III-85,嘎尔,传统舞蹈,2,2,2008,西藏自治区,1,1
III-86,芒康三弦舞,传统舞蹈,2,2,2008,西藏自治区,1,1
III-87,定日洛谐,传统舞蹈,2,2,2008,西藏自治区,1,1
III-88,旦嘎甲谐,传统舞蹈,2,2,2008,西藏自治区,1,1
III-89,廓孜,传统舞蹈,2,2,2008,西藏自治区,1,1
III-9,高跷(高跷走兽),传统舞蹈,1,2,2006,山东省、山西省、河南省、甘肃省、辽宁省,8,8
III-90,多地舞,传统舞蹈,2,2,2008,甘肃省,1,1
III-91,巴郎鼓舞,传统舞蹈,2,2,2008,甘肃省,1,1
III-92,藏族螭鼓舞,传统舞蹈,2,2,2008,青海省,1,1
III-93,则柔(尚尤则柔),传统舞蹈,2,2,2008,青海省,1,1
III-94,蒙古族萨吾尔登,传统舞蹈,2,5,2008,内蒙古自治区、新疆维吾尔自治区,3,3
III-95,锡伯族贝伦舞,传统舞蹈,2,2,2008,新疆维吾尔自治区,1,1
III-96,维吾尔族赛乃姆,传统舞蹈,2,4,2008,新疆维吾尔自治区,8,8
III-97,跳马伕,传统舞蹈,3,3,2011,江苏省,1,1
III-98,仗鼓舞(桑植仗鼓舞),传统舞蹈,3,3,2011,湖南省,1,1
III-99,南县地花鼓,传统舞蹈,3,3,2011,湖南省,1,1
IV-1,昆曲,传统戏剧,1,1,2006,上海市、中直单位、北京市、江苏省、浙江省、湖南省,6,6
IV-10,永安大腔戏,传统戏剧,1,1,2006,福建省,1,1
IV-100,海城喇叭戏,传统戏剧,2,2,2008,辽宁省,1,1
IV-101,黄龙戏,传统戏剧,2,2,2008,吉林省,1,1
IV-102,淮剧,传统戏剧,2,3,2008,上海市、江苏省,4,4
IV-103,锡剧,传统戏剧,2,2,2008,江苏省,3,3
IV-104,淮海戏,传统戏剧,2,2,2008,江苏省,2,2
IV-105,童子戏,传统戏剧,2,2,2008,江苏省,1,1
IV-106,瓯剧,传统戏剧,2,2,2008,浙江省,1,1
IV-107,甬剧,传统戏剧,2,2,2008,浙江省,1,1
IV-108,姚剧,传统戏剧,2,2,2008,浙江省,1,1
IV-109,绍剧,传统戏剧,2,2,2008,浙江省,1,1
IV-11,四平戏,传统戏剧,1,1,2006,福建省,2,2
IV-110,婺剧,传统戏剧,2,2,2008,浙江省,2,2
IV-111,文南词,传统戏剧,2,2,2008,安徽省,1,1
IV-112,花鼓戏,传统戏剧,2,4,2008,安徽省、河南省、湖北省、湖南省,14,14
IV-113,二夹弦,传统戏剧,2,2,2008,安徽省、山东省、河南省,4,4
IV-114,打城戏,传统戏剧,2,2,2008,福建省,1,1
IV-115,屏南平讲戏,传统戏剧,2,2,2008,福建省,1,1
IV-116,吕剧,传统戏剧,2,3,2008,山东省,5,5
IV-117,柳腔,传统戏剧,2,2,2008,山东省,1,1
IV-118,山东梆子,传统戏剧,2,2,2008,山东省,3,3
IV-119,莱芜梆子,传统戏剧,2,2,2008,山东省,1,1
IV-12,川剧,传统戏剧,1,1,2006,四川省、重庆市,2,2
IV-120,枣梆,传统戏剧,2,2,2008,山东省,1,1
IV-121,徐州梆子,传统戏剧,2,2,2008,江苏省,1,1
IV-122,同州梆子,传统戏剧,2,2,2008,陕西省,1,1
IV-123,罗卷戏,传统戏剧,2,4,2008,河南省,3,3
IV-124,二股弦,传统戏剧,2,2,2008,河南省,1,1
IV-125,南剧,传统戏剧,2,2,2008,湖北省,2,2
IV-126,提琴戏,传统戏剧,2,2,2008,湖北省,1,1
IV-127,湘剧,传统戏剧,2,2,2008,湖南省,3,3
IV-128,祁剧,传统戏剧,2,2,2008,湖南省,3,3
IV-129,广东汉剧,传统戏剧,2,2,2008,广东省,1,1
IV-13,湘剧,传统戏剧,1,5,2006,湖南省,2,2
IV-130,琼剧,传统戏剧,2,2,2008,海南省,2,2
IV-131,黔剧,传统戏剧,2,2,2008,贵州省,1,1
IV-132,滇剧,传统戏剧,2,2,2008,云南省,3,3
IV-133,合阳跳戏,传统戏剧,2,2,2008,陕西省,1,1
IV-134,武都高山戏,传统戏剧,2,2,2008,甘肃省,1,1
IV-135,佤族清戏,传统戏剧,2,2,2008,云南省,1,1
IV-136,彝剧,传统戏剧,2,2,2008,云南省,1,1
IV-137,白剧,传统戏剧,2,2,2008,云南省,1,1
IV-138,邕剧,传统戏剧,2,2,2008,广西壮族自治区,1,1
IV-139,上党二簧,传统戏剧,3,3,2011,山西省,1,1
IV-14,广昌孟戏,传统戏剧,1,1,2006,江西省,1,1
IV-140,醒感戏,传统戏剧,3,3,2011,浙江省,1,1
IV-141,湖剧,传统戏剧,3,3,2011,浙江省,1,1
IV-142,淳安三角戏,传统戏剧,3,3,2011,浙江省,1,1
IV-143,嗨子戏,传统戏剧,3,3,2011,安徽省,1,1
IV-144,赣剧,传统戏剧,3,3,2011,江西省,1,1
IV-145,西河戏,传统戏剧,3,3,2011,江西省,1,1
IV-146,鹧鸪戏,传统戏剧,3,3,2011,山东省,1,1
IV-147,淮调,传统戏剧,3,3,2011,河南省,1,1
IV-148,落腔,传统戏剧,3,3,2011,河南省,1,1
IV-149,武当神戏,传统戏剧,3,3,2011,湖北省,1,1
IV-15,正字戏,传统戏剧,1,1,2006,广东省,1,1
IV-150,雷剧,传统戏剧,3,3,2011,广东省,1,1
IV-151,关索戏,传统戏剧,3,3,2011,云南省,1,1
IV-152,通渭小曲戏,传统戏剧,3,3,2011,甘肃省,1,1
IV-153,弦子腔,传统戏剧,3,3,2011,陕西省,1,1
IV-154,西路梆子,传统戏剧,3,3,2011,河北省,1,1
IV-155,淮北梆子戏,传统戏剧,3,5,2011,安徽省,3,3
IV-156,滑稽戏,传统戏剧,3,3,2011,上海市、江苏省,2,2
IV-157,张家界阳戏,传统戏剧,3,5,2011,四川省、湖南省、贵州省、重庆市,5,5
IV-158,海南斋戏,传统戏剧,3,3,2011,海南省,1,1
IV-159,线腔,传统戏剧,4,4,2014,山西省,1,1
IV-16,秦腔,传统戏剧,1,4,2006,北京市、宁夏回族自治区、甘肃省、陕西省,4,4
IV-160,平讲戏,传统戏剧,4,4,2014,福建省,1,1
IV-161,永修丫丫戏,传统戏剧,4,4,2014,江西省,1,1
IV-162,东河戏,传统戏剧,4,4,2014,江西省,1,1
IV-163,南路丝弦,传统戏剧,5,5,2021,河北省,1,1
IV-164,吉剧,传统戏剧,5,5,2021,吉林省,1,1
IV-165,满族新城戏,传统戏剧,5,5,2021,吉林省,1,1
IV-166,杂剧作场戏,传统戏剧,5,5,2021,福建省,1,1
IV-167,宁河戏,传统戏剧,5,5,2021,江西省,1,1
IV-168,端公戏(旺苍端公戏),传统戏剧,5,5,2021,云南省、四川省,2,2
IV-169,白族吹吹腔,传统戏剧,5,5,2021,云南省,1,1
IV-17,汉调桄桄,传统戏剧,1,1,2006,陕西省,1,1
IV-170,巴贡(霞尔巴贡),传统戏剧,5,5,2021,西藏自治区,1,1
IV-171,土生土语话剧,传统戏剧,5,5,2021,澳门特别行政区,1,1
IV-18,晋剧,传统戏剧,1,4,2006,内蒙古自治区、山西省、河北省,6,6
IV-19,蒲州梆子,传统戏剧,1,1,2006,山西省,2,2
IV-2,梨园戏,传统戏剧,1,1,2006,福建省,1,1
IV-20,北路梆子,传统戏剧,1,3,2006,山西省,2,2
IV-21,上党梆子,传统戏剧,1,2,2006,山西省,2,2
IV-22,河北梆子,传统戏剧,1,2,2006,北京市、天津市、河北省,3,3
IV-23,豫剧,传统戏剧,1,5,2006,新疆生产建设兵团、河北省、河南省,3,3
IV-24,宛梆,传统戏剧,1,1,2006,河南省,1,1
IV-25,怀梆,传统戏剧,1,1,2006,河南省,1,1
IV-26,大平调,传统戏剧,1,3,2006,山东省、河南省,7,7
IV-27,越调,传统戏剧,1,4,2006,河南省、湖北省,4,4
IV-28,京剧,传统戏剧,1,3,2006,上海市、中直单位、北京市、天津市、山东省、江苏省、湖北省、辽宁省,9,9
IV-29,徽剧,传统戏剧,1,1,2006,安徽省、江西省,3,3
IV-3,莆仙戏,传统戏剧,1,1,2006,福建省,1,1
IV-30,汉剧,传统戏剧,1,1,2006,湖北省,1,1
IV-31,汉调二簧,传统戏剧,1,2,2006,湖北省、陕西省,2,2
IV-32,泰宁梅林戏,传统戏剧,1,1,2006,福建省,1,1
IV-33,闽西汉剧,传统戏剧,1,1,2006,福建省,1,1
IV-34,巴陵戏,传统戏剧,1,1,2006,湖南省,1,1
IV-35,荆河戏,传统戏剧,1,2,2006,湖北省、湖南省,2,2
IV-36,粤剧,传统戏剧,1,4,2006,广东省、广西壮族自治区、澳门特别行政区、香港特别行政区,7,7
IV-37,桂剧,传统戏剧,1,1,2006,广西壮族自治区,1,1
IV-38,宜黄戏,传统戏剧,1,1,2006,江西省,1,1
IV-39,乱弹,传统戏剧,1,4,2006,河北省、浙江省,5,5
IV-4,潮剧,传统戏剧,1,3,2006,广东省、福建省,4,4
IV-40,石家庄丝弦,传统戏剧,1,1,2006,河北省,1,1
IV-41,雁北耍孩儿,传统戏剧,1,1,2006,山西省,1,1
IV-42,灵丘罗罗腔,传统戏剧,1,1,2006,山西省,1,1
IV-43,柳子戏,传统戏剧,1,2,2006,山东省、河南省,2,2
IV-44,大弦戏,传统戏剧,1,2,2006,山东省、河南省,3,3
IV-45,闽剧,传统戏剧,1,1,2006,福建省,1,1
IV-46,寿宁北路戏,传统戏剧,1,1,2006,福建省,1,1
IV-47,西秦戏,传统戏剧,1,1,2006,广东省,1,1
IV-48,高甲戏,传统戏剧,1,2,2006,福建省,3,3
IV-49,碗碗腔(孝义碗碗腔),传统戏剧,1,5,2006,山西省、陕西省,3,3
IV-5,弋阳腔,传统戏剧,1,1,2006,江西省,1,1
IV-50,四平调,传统戏剧,1,4,2006,安徽省、山东省、河南省,5,5
IV-51,评剧,传统戏剧,1,3,2006,北京市、天津市、河北省、辽宁省、黑龙江省,8,8
IV-52,武安平调落子,传统戏剧,1,1,2006,河北省,1,1
IV-53,越剧,传统戏剧,1,2,2006,上海市、浙江省、福建省,3,3
IV-54,沪剧,传统戏剧,1,1,2006,上海市,1,1
IV-55,苏剧,传统戏剧,1,1,2006,江苏省,1,1
IV-56,扬剧,传统戏剧,1,2,2006,江苏省,3,3
IV-57,庐剧,传统戏剧,1,3,2006,安徽省,3,3
IV-58,楚剧,传统戏剧,1,4,2006,湖北省,2,2
IV-59,荆州花鼓戏,传统戏剧,1,1,2006,湖北省,1,1
IV-6,青阳腔,传统戏剧,1,1,2006,安徽省、江西省,2,2
IV-60,黄梅戏,传统戏剧,1,5,2006,安徽省、湖北省,4,4
IV-61,商洛花鼓,传统戏剧,1,1,2006,陕西省,1,1
IV-62,泗州戏,传统戏剧,1,3,2006,安徽省、江苏省,3,3
IV-63,柳琴戏,传统戏剧,1,2,2006,山东省、江苏省,3,3
IV-64,歌仔戏,传统戏剧,1,1,2006,福建省,2,2
IV-65,采茶戏(赣南采茶戏),传统戏剧,1,5,2006,广东省、广西壮族自治区、江西省、湖北省,7,7
IV-66,五音戏,传统戏剧,1,1,2006,山东省,1,1
IV-67,茂腔,传统戏剧,1,5,2006,山东省,3,3
IV-68,曲剧,传统戏剧,1,1,2006,河南省,1,1
IV-69,曲子戏(敦煌曲子戏),传统戏剧,1,5,2006,北京市、甘肃省,5,5
IV-7,高腔(西安高腔),传统戏剧,1,1,2006,安徽省、浙江省、湖南省,6,6
IV-70,秧歌戏(隆尧秧歌戏),传统戏剧,1,5,2006,山西省、河北省,12,12
IV-71,道情戏(晋北道情戏),传统戏剧,1,3,2006,山东省、山西省、河南省、甘肃省、陕西省,9,9
IV-72,哈哈腔,传统戏剧,1,1,2006,河北省,2,2
IV-73,二人台,传统戏剧,1,5,2006,内蒙古自治区、山西省、河北省、陕西省,6,6
IV-74,白字戏,传统戏剧,1,1,2006,广东省,1,1
IV-75,花朝戏,传统戏剧,1,1,2006,广东省,1,1
IV-76,彩调,传统戏剧,1,1,2006,广西壮族自治区,1,1
IV-77,灯戏(梁山灯戏),传统戏剧,1,2,2006,四川省、湖北省、重庆市,3,3
IV-78,花灯戏(思南花灯戏),传统戏剧,1,3,2006,云南省、贵州省,8,8
IV-79,一勾勾,传统戏剧,1,1,2006,山东省,1,1
IV-8,新昌调腔,传统戏剧,1,1,2006,浙江省,1,1
IV-80,藏戏(拉萨觉木隆),传统戏剧,1,3,2006,四川省、甘肃省、西藏自治区、青海省,8,13
IV-81,山南门巴戏,传统戏剧,1,1,2006,西藏自治区,1,1
IV-82,壮剧,传统戏剧,1,2,2006,云南省、广西壮族自治区,2,2
IV-83,侗戏,传统戏剧,1,3,2006,广西壮族自治区、湖南省、贵州省,3,3
IV-84,布依戏,传统戏剧,1,1,2006,贵州省,1,1
IV-85,彝族撮泰吉,传统戏剧,1,1,2006,贵州省,1,1
IV-86,傣剧,传统戏剧,1,1,2006,云南省,1,1
IV-87,目连戏(徽州目连戏),传统戏剧,1,5,2006,安徽省、江西省、河南省、浙江省、湖南省,6,6
IV-88,锣鼓杂戏,传统戏剧,1,1,2006,山西省,1,1
IV-89,傩戏(武安傩戏),传统戏剧,1,4,2006,安徽省、山西省、江西省、河北省、湖北省、湖南省、贵州省,15,15
IV-9,宁海平调,传统戏剧,1,1,2006,浙江省,1,1
IV-90,安顺地戏,传统戏剧,1,1,2006,贵州省,1,1
IV-91,皮影戏(唐山皮影戏),传统戏剧,1,5,2006,云南省、内蒙古自治区、北京市、四川省、山东省、山西省、广东省、河北省、河南省、浙江省、湖北省、湖南省、甘肃省、辽宁省、陕西省、青海省、黑龙江省,37,37
IV-92,木偶戏(泉州提线木偶戏),传统戏剧,1,5,2006,上海市、四川省、山西省、广东省、江苏省、浙江省、海南省、湖北省、湖南省、福建省、贵州省、辽宁省、陕西省,30,31
IV-93,老调(保定老调),传统戏剧,2,3,2008,河北省,2,2
IV-94,四股弦(冀南四股弦),传统戏剧,2,2,2008,河北省,4,4
IV-95,赛戏,传统戏剧,2,2,2008,山西省、河北省,4,4
IV-96,永年西调,传统戏剧,2,2,2008,河北省,1,1
IV-97,坠子戏,传统戏剧,2,2,2008,安徽省、河北省,2,2
IV-98,上党落子,传统戏剧,2,2,2008,山西省,2,2
IV-99,眉户(运城眉户),传统戏剧,2,4,2008,北京市、山西省、陕西省,5,5
IX-1,中医生命与疾病认知方法,传统医药,1,1,2006,中直单位,1,1
IX-10,中医养生(药膳八珍汤),传统医药,2,5,2008,中直单位、山西省、福建省,5,5
IX-11,传统中医药文化(鹤年堂中医药养生文化),传统医药,2,5,2008,北京市、山东省、广东省、浙江省、湖南省、贵州省,9,9
IX-12,蒙医药(赞巴拉道尔吉温针、火针疗法),传统医药,2,5,2008,内蒙古自治区、辽宁省,5,6
IX-13,畲族医药(痧症疗法),传统医药,2,2,2008,浙江省、福建省,2,2
IX-14,瑶族医药(药浴疗法),传统医药,2,2,2008,贵州省,1,1
IX-15,苗医药(骨伤蛇伤疗法),传统医药,2,5,2008,湖南省、贵州省,5,5
IX-16,侗医药(过路黄药制作工艺),传统医药,2,2,2008,贵州省,1,1
IX-17,回族医药(张氏回医正骨疗法),传统医药,2,4,2008,宁夏回族自治区,3,3
IX-18,壮医药(壮医药线点灸疗法),传统医药,3,3,2011,广西壮族自治区,1,1
IX-19,彝医药(彝医水膏药疗法),传统医药,3,4,2011,云南省,2,2
IX-2,中医诊法,传统医药,1,5,2006,上海市、中直单位、北京市、四川省、天津市、安徽省、山西省、广东省、江苏省、河北省、河南省、浙江省、湖北省、湖南省、福建省、青海省,33,34
IX-20,傣医药(睡药疗法),传统医药,3,3,2011,云南省,2,2
IX-21,维吾尔医药(维药传统炮制技艺),传统医药,3,5,2011,新疆维吾尔自治区,6,6
IX-22,布依族医药(益肝草制作技艺),传统医药,4,4,2014,贵州省,1,1
IX-23,哈萨克族医药(布拉吾药浴熏蒸疗法、卧塔什正骨术、冻伤疗法),传统医药,4,4,2014,新疆维吾尔自治区,1,1
IX-3,中药炮制技术,传统医药,1,5,2006,中直单位、吉林省、四川省、广东省、江西省、河南省、浙江省、湖北省、甘肃省,11,11
IX-4,中医传统制剂方法,传统医药,1,5,2006,上海市、中直单位、云南省、内蒙古自治区、北京市、吉林省、天津市、宁夏回族自治区、山东省、山西省、广东省、江苏省、河北省、浙江省、湖北省、福建省、贵州省、重庆市、陕西省、黑龙江省,37,43
IX-5,针灸,传统医药,1,5,2006,上海市、中直单位、广东省、浙江省、湖北省、重庆市,9,9
IX-6,中医正骨疗法,传统医药,1,5,2006,上海市、中直单位、内蒙古自治区、北京市、山东省、山西省、广东省、河南省、浙江省、湖南省、福建省、辽宁省、重庆市、陕西省,19,20
IX-7,同仁堂中医药文化,传统医药,1,1,2006,北京市,1,1
IX-8,胡庆余堂中药文化,传统医药,1,1,2006,浙江省,1,1
IX-9,藏医药(甘孜州南派藏医药),传统医药,1,5,2006,云南省、四川省、甘肃省、西藏自治区、青海省,13,17
V-1,苏州评弹(苏州评话、苏州弹词),曲艺,1,3,2006,上海市、江苏省、浙江省,4,4
V-10,京东大鼓,曲艺,1,2,2006,天津市、河北省,2,2
V-100,曲沃琴书,曲艺,3,3,2011,山西省,1,1
V-101,泽州四弦书,曲艺,3,3,2011,山西省,1,1
V-102,盘索里,曲艺,3,3,2011,吉林省、辽宁省,2,2
V-103,永康鼓词,曲艺,3,3,2011,浙江省,1,1
V-104,唱新闻,曲艺,3,3,2011,浙江省,1,1
V-105,渔鼓道情,曲艺,3,3,2011,安徽省,1,1
V-106,三棒鼓,曲艺,3,3,2011,湖北省,1,1
V-107,祁阳小调,曲艺,3,3,2011,湖南省,1,1
V-108,粤曲,曲艺,3,3,2011,广东省,1,1
V-109,木鱼歌,曲艺,3,3,2011,广东省,1,1
V-11,胶东大鼓,曲艺,1,2,2006,山东省,2,2
V-110,四川评书,曲艺,3,3,2011,重庆市,1,1
V-111,洛南静板书,曲艺,3,3,2011,陕西省,1,1
V-112,南音说唱,曲艺,3,3,2011,澳门特别行政区,1,1
V-113,河州平弦,曲艺,3,3,2011,甘肃省,1,1
V-114,端鼓腔,曲艺,3,3,2011,山东省,2,2
V-115,数来宝,曲艺,4,4,2014,北京市,1,1
V-116,梅花大鼓,曲艺,4,4,2014,天津市,1,1
V-117,弹唱,曲艺,4,4,2014,山西省,1,1
V-118,浦东宣卷,曲艺,4,4,2014,上海市,1,1
V-119,丽水鼓词,曲艺,4,4,2014,浙江省,1,1
V-12,河洛大鼓,曲艺,1,1,2006,河南省,1,1
V-120,客家古文,曲艺,4,4,2014,江西省,1,1
V-121,永新小鼓,曲艺,4,4,2014,江西省,1,1
V-122,山东花鼓,曲艺,4,4,2014,山东省,1,1
V-123,跳三鼓,曲艺,4,4,2014,湖北省,1,1
V-124,湖南渔鼓,曲艺,4,4,2014,湖南省,1,1
V-125,桂林渔鼓,曲艺,4,4,2014,广西壮族自治区,1,1
V-126,宁夏小曲,曲艺,4,4,2014,宁夏回族自治区,1,1
V-127,托勒敖,曲艺,4,4,2014,新疆维吾尔自治区,1,1
V-128,蔡家洼五音大鼓,曲艺,5,5,2021,北京市,1,1
V-129,屯留道情,曲艺,5,5,2021,山西省,1,1
V-13,温州鼓词,曲艺,1,3,2006,浙江省,2,2
V-130,陵川钢板书,曲艺,5,5,2021,山西省,1,1
V-131,苏北大鼓,曲艺,5,5,2021,江苏省,1,1
V-132,三跳(湖州三跳),曲艺,5,5,2021,浙江省,1,1
V-133,南昌清音,曲艺,5,5,2021,江西省,1,1
V-134,都昌鼓书,曲艺,5,5,2021,江西省,1,1
V-135,江西莲花落,曲艺,5,5,2021,江西省,1,1
V-136,陕州锣鼓书,曲艺,5,5,2021,河南省,1,1
V-137,天门渔鼓,曲艺,5,5,2021,湖北省,1,1
V-138,竹板歌,曲艺,5,5,2021,广东省,1,1
V-139,末伦,曲艺,5,5,2021,广西壮族自治区,1,1
V-14,陕北说书,曲艺,1,1,2006,陕西省,1,1
V-140,嘎百福,曲艺,5,5,2021,贵州省,1,1
V-141,旭早,曲艺,5,5,2021,贵州省,1,1
V-142,大本曲,曲艺,5,5,2021,云南省,1,1
V-143,古尔鲁,曲艺,5,5,2021,西藏自治区,1,1
V-144,陕西快板,曲艺,5,5,2021,陕西省,1,1
V-145,龙头琴弹唱,曲艺,5,5,2021,甘肃省,1,1
V-15,福州伬艺,曲艺,1,1,2006,福建省,1,1
V-16,南平南词,曲艺,1,1,2006,福建省,1,1
V-17,绍兴平湖调,曲艺,1,1,2006,浙江省,1,1
V-18,兰溪摊簧,曲艺,1,2,2006,浙江省,3,3
V-19,贤孝(凉州贤孝),曲艺,1,2,2006,甘肃省、青海省,3,3
V-2,扬州评话,曲艺,1,3,2006,江苏省,2,2
V-20,河南坠子,曲艺,1,3,2006,河北省、河南省,2,2
V-21,山东琴书,曲艺,1,3,2006,山东省,3,3
V-22,锣鼓书,曲艺,1,1,2006,上海市,1,1
V-23,绍兴莲花落,曲艺,1,1,2006,浙江省,1,1
V-24,兰州鼓子,曲艺,1,1,2006,甘肃省,1,1
V-25,扬州清曲,曲艺,1,1,2006,江苏省,1,1
V-26,锦歌,曲艺,1,1,2006,福建省,1,1
V-27,常德丝弦,曲艺,1,3,2006,湖南省,2,2
V-28,榆林小曲,曲艺,1,1,2006,陕西省,1,1
V-29,天津时调,曲艺,1,1,2006,天津市,1,1
V-3,福州评话,曲艺,1,1,2006,福建省,1,1
V-30,新疆曲子,曲艺,1,2,2006,新疆维吾尔自治区,2,2
V-31,龙舟说唱,曲艺,1,1,2006,广东省,1,1
V-32,鼓盆歌,曲艺,1,4,2006,湖北省、湖南省,2,2
V-33,汉川善书,曲艺,1,1,2006,湖北省,1,1
V-34,歌册(东山歌册),曲艺,1,2,2006,广东省、福建省,2,2
V-35,东北二人转,曲艺,1,4,2006,内蒙古自治区、吉林省、辽宁省、黑龙江省,8,8
V-36,凤阳花鼓,曲艺,1,1,2006,安徽省,1,1
V-37,答嘴鼓,曲艺,1,1,2006,福建省,1,1
V-38,小热昏,曲艺,1,3,2006,江苏省、浙江省,2,2
V-39,山东快书,曲艺,1,1,2006,山东省,1,1
V-4,山东大鼓,曲艺,1,2,2006,山东省、河北省,3,3
V-40,乌力格尔,曲艺,1,2,2006,内蒙古自治区、吉林省、辽宁省,5,5
V-41,达斡尔族乌钦,曲艺,1,2,2006,内蒙古自治区、黑龙江省,2,2
V-42,赫哲族伊玛堪,曲艺,1,1,2006,黑龙江省,1,1
V-43,鄂伦春族摩苏昆,曲艺,1,1,2006,黑龙江省,1,1
V-44,傣族章哈,曲艺,1,1,2006,云南省,1,1
V-45,哈萨克族阿依特斯,曲艺,1,2,2006,新疆维吾尔自治区、甘肃省,2,2
V-46,布依族八音坐唱,曲艺,1,1,2006,贵州省,1,1
V-47,相声,曲艺,2,2,2008,中直单位、北京市、天津市,3,3
V-48,京韵大鼓,曲艺,2,2,2008,北京市、天津市,2,2
V-49,单弦牌子曲(含岔曲),曲艺,2,5,2008,北京市、天津市,3,3
V-5,西河大鼓,曲艺,1,4,2006,天津市、河北省,3,3
V-50,扬州弹词,曲艺,2,2,2008,江苏省,1,1
V-51,长沙弹词,曲艺,2,2,2008,湖南省,1,1
V-52,杭州评词,曲艺,2,2,2008,浙江省,1,1
V-53,杭州评话,曲艺,2,2,2008,浙江省,1,1
V-54,绍兴词调,曲艺,2,2,2008,浙江省,1,1
V-55,临海词调,曲艺,2,2,2008,浙江省,1,1
V-56,四明南词,曲艺,2,2,2008,浙江省,1,1
V-57,北京评书,曲艺,2,2,2008,北京市、辽宁省,4,4
V-58,湖北评书,曲艺,2,2,2008,湖北省,1,1
V-59,浦东说书,曲艺,2,2,2008,上海市,1,1
V-6,东北大鼓,曲艺,1,2,2006,吉林省、辽宁省、黑龙江省,7,7
V-60,讲古,曲艺,2,2,2008,福建省,1,1
V-61,湖北大鼓,曲艺,2,2,2008,湖北省,2,2
V-62,襄垣鼓书,曲艺,2,2,2008,山西省,1,1
V-63,萍乡春锣,曲艺,2,2,2008,江西省,1,1
V-64,三弦书(沁州三弦书),曲艺,2,2,2008,山西省、河南省,2,2
V-65,莺歌柳书,曲艺,2,2,2008,山东省,1,1
V-66,平湖钹子书,曲艺,2,2,2008,浙江省,1,1
V-67,宁波走书,曲艺,2,2,2008,浙江省,2,2
V-68,独脚戏,曲艺,2,2,2008,上海市、浙江省,2,2
V-69,大调曲子,曲艺,2,2,2008,河南省,1,1
V-7,木板大鼓,曲艺,1,1,2006,河北省,1,1
V-70,湖北小曲,曲艺,2,2,2008,湖北省,1,1
V-71,南曲,曲艺,2,2,2008,湖北省,1,1
V-72,秦安小曲,曲艺,2,2,2008,甘肃省,1,1
V-73,徐州琴书,曲艺,2,2,2008,江苏省,1,1
V-74,恩施扬琴,曲艺,2,2,2008,湖北省,1,1
V-75,四川扬琴,曲艺,2,3,2008,四川省、重庆市,4,4
V-76,四川竹琴,曲艺,2,2,2008,四川省、重庆市,2,2
V-77,四川清音,曲艺,2,3,2008,四川省、重庆市,2,2
V-78,金华道情,曲艺,2,2,2008,浙江省,2,2
V-79,陕北道情,曲艺,2,2,2008,陕西省,2,2
V-8,乐亭大鼓,曲艺,1,5,2006,河北省,2,2
V-80,朝鲜族三老人,曲艺,2,2,2008,吉林省,1,1
V-81,南京白局,曲艺,2,2,2008,江苏省,1,1
V-82,武林调,曲艺,2,2,2008,浙江省,1,1
V-83,绍兴宣卷,曲艺,2,2,2008,浙江省,1,1
V-84,温州莲花,曲艺,2,2,2008,浙江省,2,2
V-85,山东落子,曲艺,2,4,2008,山东省,2,2
V-86,说鼓子,曲艺,2,2,2008,湖北省,2,2
V-87,广西文场,曲艺,2,2,2008,广西壮族自治区,1,1
V-88,车灯,曲艺,2,2,2008,重庆市,1,1
V-89,眉户曲子,曲艺,2,2,2008,陕西省,1,1
V-9,潞安大鼓,曲艺,1,1,2006,山西省,1,1
V-90,韩城秧歌,曲艺,2,2,2008,陕西省,1,1
V-91,金钱板,曲艺,2,3,2008,四川省、重庆市,2,2
V-92,青海平弦,曲艺,2,2,2008,青海省,1,1
V-93,青海越弦,曲艺,2,2,2008,青海省,1,1
V-94,青海下弦,曲艺,2,2,2008,青海省,1,1
V-95,好来宝,曲艺,2,2,2008,内蒙古自治区,1,1
V-96,哈萨克族铁尔麦,曲艺,2,2,2008,新疆维吾尔自治区,1,1
V-97,莲花落,曲艺,3,3,2011,山西省,1,1
V-98,长子鼓书,曲艺,3,3,2011,山西省,1,1
V-99,翼城琴书,曲艺,3,3,2011,山西省,1,1
VI-1,吴桥杂技,传统体育、游艺与杂技,1,1,2006,河北省,1,1
VI-10,沧州武术,传统体育、游艺与杂技,1,3,2006,河北省,3,5
VI-100,滑竿(华蓥山滑竿抬幺妹),传统体育、游艺与杂技,5,5,2021,四川省,1,1
VI-101,赤水独竹漂,传统体育、游艺与杂技,5,5,2021,贵州省,1,1
VI-102,拔河(万人扯绳赛),传统体育、游艺与杂技,5,5,2021,甘肃省,1,1
VI-103,姑娘追,传统体育、游艺与杂技,5,5,2021,新疆维吾尔自治区,1,1
VI-104,朝鲜族尤茨,传统体育、游艺与杂技,5,5,2021,吉林省,1,1
VI-105,打陀螺,传统体育、游艺与杂技,5,5,2021,云南省,1,1
VI-106,登杆(大六分村登杆),传统体育、游艺与杂技,5,5,2021,天津市,1,1
VI-107,飞叉(永良飞叉),传统体育、游艺与杂技,5,5,2021,天津市,1,1
VI-108,临泉杂技,传统体育、游艺与杂技,5,5,2021,安徽省,1,1
VI-109,蹬技(重庆蹬技),传统体育、游艺与杂技,5,5,2021,重庆市,1,1
VI-11,太极拳(杨氏太极拳),传统体育、游艺与杂技,1,5,2006,上海市、北京市、天津市、河北省、河南省,9,10
VI-12,邢台梅花拳,传统体育、游艺与杂技,1,5,2006,山东省、河北省,3,3
VI-13,沙河藤牌阵,传统体育、游艺与杂技,1,1,2006,河北省,1,1
VI-14,朝鲜族跳板、秋千,传统体育、游艺与杂技,1,1,2006,吉林省,1,1
VI-15,达斡尔族传统曲棍球竞技,传统体育、游艺与杂技,1,1,2006,内蒙古自治区,1,1
VI-16,蒙古族搏克,传统体育、游艺与杂技,1,4,2006,内蒙古自治区、新疆维吾尔自治区,3,3
VI-17,蹴鞠,传统体育、游艺与杂技,1,1,2006,山东省,1,1
VI-18,围棋,传统体育、游艺与杂技,2,2,2008,中直单位、北京市,2,2
VI-19,象棋,传统体育、游艺与杂技,2,2,2008,中直单位、北京市,2,2
VI-2,聊城杂技,传统体育、游艺与杂技,1,1,2006,山东省,1,1
VI-20,蒙古族象棋,传统体育、游艺与杂技,2,2,2008,内蒙古自治区,1,1
VI-21,天桥摔跤,传统体育、游艺与杂技,2,5,2008,云南省、北京市、吉林省、新疆维吾尔自治区、辽宁省,5,5
VI-22,沙力搏尔式摔跤,传统体育、游艺与杂技,2,2,2008,内蒙古自治区,1,1
VI-23,峨眉武术,传统体育、游艺与杂技,2,2,2008,四川省,1,1
VI-24,红拳,传统体育、游艺与杂技,2,2,2008,陕西省,1,1
VI-25,八卦掌,传统体育、游艺与杂技,2,3,2008,北京市、河北省,3,3
VI-26,形意拳,传统体育、游艺与杂技,2,3,2008,山西省、河北省,2,2
VI-27,鹰爪翻子拳,传统体育、游艺与杂技,2,2,2008,河北省,1,1
VI-28,八极拳(月山八极拳),传统体育、游艺与杂技,2,5,2008,北京市、河南省,2,2
VI-29,心意拳,传统体育、游艺与杂技,2,5,2008,上海市、山西省,3,3
VI-3,天桥中幡,传统体育、游艺与杂技,1,2,2006,北京市、河北省、福建省,4,4
VI-30,心意六合拳,传统体育、游艺与杂技,2,2,2008,河南省,2,2
VI-31,五祖拳,传统体育、游艺与杂技,2,2,2008,福建省,1,1
VI-32,查拳,传统体育、游艺与杂技,2,2,2008,山东省,1,1
VI-33,螳螂拳,传统体育、游艺与杂技,2,4,2008,山东省,4,4
VI-34,苌家拳,传统体育、游艺与杂技,2,2,2008,河南省,1,1
VI-35,岳家拳,传统体育、游艺与杂技,2,4,2008,湖北省,2,2
VI-36,蔡李佛拳,传统体育、游艺与杂技,2,5,2008,广东省,2,2
VI-37,马球(塔吉克族马球),传统体育、游艺与杂技,2,2,2008,新疆维吾尔自治区,1,1
VI-38,满族珍珠球,传统体育、游艺与杂技,2,5,2008,吉林省,2,2
VI-39,满族二贵摔跤,传统体育、游艺与杂技,2,2,2008,河北省,1,1
VI-4,抖空竹,传统体育、游艺与杂技,1,1,2006,北京市,1,1
VI-40,鄂温克抢枢,传统体育、游艺与杂技,2,2,2008,内蒙古自治区,1,1
VI-41,挠羊赛,传统体育、游艺与杂技,2,2,2008,山西省,1,1
VI-42,传统箭术(南山射箭),传统体育、游艺与杂技,2,5,2008,新疆维吾尔自治区、青海省,2,2
VI-43,赛马会(当吉仁赛马会),传统体育、游艺与杂技,2,5,2008,新疆维吾尔自治区、西藏自治区、青海省,4,4
VI-44,叼羊(维吾尔族叼羊),传统体育、游艺与杂技,2,2,2008,新疆维吾尔自治区,1,1
VI-45,土族轮子秋,传统体育、游艺与杂技,2,2,2008,青海省,1,1
VI-46,左各庄杆会,传统体育、游艺与杂技,2,2,2008,河北省,1,1
VI-47,戏法(赵世魁戏法),传统体育、游艺与杂技,2,3,2008,天津市、黑龙江省,2,2
VI-48,建湖杂技,传统体育、游艺与杂技,2,2,2008,江苏省,1,1
VI-49,东北庄杂技,传统体育、游艺与杂技,2,2,2008,河南省,1,1
VI-5,维吾尔族达瓦孜,传统体育、游艺与杂技,1,1,2006,新疆维吾尔自治区,1,1
VI-50,宁津杂技,传统体育、游艺与杂技,2,2,2008,山东省,1,1
VI-51,马戏(埇桥马戏),传统体育、游艺与杂技,2,2,2008,安徽省,1,1
VI-52,风火流星,传统体育、游艺与杂技,2,2,2008,山西省,1,1
VI-53,翻九楼,传统体育、游艺与杂技,2,2,2008,浙江省,2,2
VI-54,调吊,传统体育、游艺与杂技,2,2,2008,浙江省,1,1
VI-55,苏桥飞叉会,传统体育、游艺与杂技,2,2,2008,河北省,1,1
VI-56,拦手门,传统体育、游艺与杂技,3,3,2011,天津市,1,1
VI-57,通背缠拳,传统体育、游艺与杂技,3,3,2011,山西省,1,1
VI-58,地术拳,传统体育、游艺与杂技,3,3,2011,福建省,1,1
VI-59,佛汉拳,传统体育、游艺与杂技,3,3,2011,山东省,1,1
VI-6,宁德霍童线狮,传统体育、游艺与杂技,1,4,2006,浙江省、福建省,4,4
VI-60,孙膑拳,传统体育、游艺与杂技,3,3,2011,山东省,2,2
VI-61,肘捶,传统体育、游艺与杂技,3,3,2011,山东省,1,1
VI-62,十八般武艺,传统体育、游艺与杂技,3,3,2011,浙江省,1,1
VI-63,华佗五禽戏,传统体育、游艺与杂技,3,3,2011,安徽省,1,1
VI-64,撂石锁,传统体育、游艺与杂技,3,5,2011,江苏省、河南省,2,2
VI-65,赛龙舟,传统体育、游艺与杂技,3,3,2011,广东省、湖南省、贵州省,4,4
VI-66,迎罗汉,传统体育、游艺与杂技,3,3,2011,浙江省,1,1
VI-67,掼牛,传统体育、游艺与杂技,3,3,2011,浙江省,1,1
VI-68,高杆船技,传统体育、游艺与杂技,3,3,2011,浙江省,1,1
VI-69,花毽,传统体育、游艺与杂技,3,5,2011,天津市、山东省,2,2
VI-7,少林功夫,传统体育、游艺与杂技,1,1,2006,河南省,1,1
VI-70,口技,传统体育、游艺与杂技,3,3,2011,北京市,1,1
VI-71,布鲁,传统体育、游艺与杂技,4,4,2014,内蒙古自治区,1,1
VI-72,蒙古族驼球,传统体育、游艺与杂技,4,4,2014,内蒙古自治区,1,1
VI-73,通背拳,传统体育、游艺与杂技,4,4,2014,北京市,1,1
VI-74,戳脚,传统体育、游艺与杂技,4,4,2014,河北省,1,1
VI-75,精武武术,传统体育、游艺与杂技,4,4,2014,上海市,1,1
VI-76,绵拳,传统体育、游艺与杂技,4,4,2014,上海市,1,1
VI-77,咏春拳,传统体育、游艺与杂技,4,5,2014,广东省、福建省,2,2
VI-78,井冈山全堂狮灯,传统体育、游艺与杂技,4,4,2014,江西省,1,1
VI-79,徐家拳,传统体育、游艺与杂技,4,4,2014,山东省,1,1
VI-8,武当武术,传统体育、游艺与杂技,1,1,2006,湖北省,1,1
VI-80,梅山武术,传统体育、游艺与杂技,4,4,2014,湖南省,1,1
VI-81,武汉杂技,传统体育、游艺与杂技,4,4,2014,湖北省,1,1
VI-82,幻术(傅氏幻术),传统体育、游艺与杂技,4,5,2014,北京市、河南省、陕西省,3,3
VI-83,藏棋,传统体育、游艺与杂技,5,5,2021,四川省,1,1
VI-84,曲棍球(维吾尔族曲棍球),传统体育、游艺与杂技,5,5,2021,新疆维吾尔自治区,1,1
VI-85,无极拳,传统体育、游艺与杂技,5,5,2021,天津市,1,1
VI-86,少北拳,传统体育、游艺与杂技,5,5,2021,辽宁省,1,1
VI-87,西凉掌(亳州晰扬掌),传统体育、游艺与杂技,5,5,2021,安徽省,1,1
VI-88,六合拳(福建六合门),传统体育、游艺与杂技,5,5,2021,福建省,1,1
VI-89,巫家拳,传统体育、游艺与杂技,5,5,2021,湖南省,1,1
VI-9,回族重刀武术,传统体育、游艺与杂技,1,1,2006,天津市,1,1
VI-90,岩鹰拳,传统体育、游艺与杂技,5,5,2021,湖南省,1,1
VI-91,莫家拳,传统体育、游艺与杂技,5,5,2021,广东省,1,1
VI-92,青萍剑(贾氏青萍剑),传统体育、游艺与杂技,5,5,2021,河北省,1,1
VI-93,易筋经(天台山易筋经),传统体育、游艺与杂技,5,5,2021,浙江省,1,1
VI-94,青城武术,传统体育、游艺与杂技,5,5,2021,四川省,1,1
VI-95,布依族武术,传统体育、游艺与杂技,5,5,2021,贵州省,1,1
VI-96,乌审走马竞技,传统体育、游艺与杂技,5,5,2021,内蒙古自治区,1,1
VI-97,迎大旗,传统体育、游艺与杂技,5,5,2021,浙江省,1,1
VI-98,泉州刣狮,传统体育、游艺与杂技,5,5,2021,福建省,1,1
VI-99,抢花炮(壮族抢花炮),传统体育、游艺与杂技,5,5,2021,广西壮族自治区,1,1
VII-1,杨柳青木版年画,传统美术,1,1,2006,天津市,1,1
VII-10,梁平木版年画,传统美术,1,1,2006,重庆市,1,1
VII-100,永春纸织画,传统美术,3,3,2011,福建省,1,1
VII-101,平遥纱阁戏人,传统美术,3,3,2011,山西省,1,1
VII-102,清徐彩门楼,传统美术,3,3,2011,山西省,1,1
VII-103,上海绒绣,传统美术,3,3,2011,上海市,1,1
VII-104,宁波金银彩绣,传统美术,3,3,2011,浙江省,1,1
VII-105,瑶族刺绣,传统美术,3,3,2011,广东省,1,1
VII-106,藏族编织、挑花刺绣工艺,传统美术,3,3,2011,四川省,1,1
VII-107,侗族刺绣,传统美术,3,3,2011,贵州省,1,1
VII-108,锡伯族刺绣,传统美术,3,3,2011,新疆维吾尔自治区,1,1
VII-109,宁波泥金彩漆,传统美术,3,3,2011,浙江省,1,1
VII-11,绵竹木版年画,传统美术,1,1,2006,四川省,1,1
VII-110,京绣,传统美术,4,5,2014,北京市、河北省,3,3
VII-111,布糊画,传统美术,4,4,2014,河北省,1,1
VII-112,抽纱(汕头抽纱),传统美术,4,4,2014,广东省,2,2
VII-113,水陆画,传统美术,4,4,2014,河北省,1,1
VII-114,毕摩绘画,传统美术,4,4,2014,四川省,1,1
VII-115,彩砂坛城绘制,传统美术,4,4,2014,西藏自治区,1,1
VII-116,琥珀雕刻,传统美术,4,4,2014,辽宁省,1,1
VII-117,传统玩具(郯城木旋玩具),传统美术,4,4,2014,山东省,1,1
VII-118,蒙古文书法,传统美术,4,4,2014,内蒙古自治区,1,1
VII-119,满文、锡伯文书法,传统美术,4,4,2014,新疆维吾尔自治区,1,1
VII-12,凤翔木版年画,传统美术,1,1,2006,陕西省,1,1
VII-120,刻铜(杜氏刻铜),传统美术,4,5,2014,安徽省、江西省、河北省,3,3
VII-121,错金银,传统美术,4,4,2014,新疆维吾尔自治区、福建省,2,2
VII-122,赏石艺术,传统美术,4,4,2014,中直单位,1,1
VII-123,藤编(怀远藤编),传统美术,5,5,2021,四川省、陕西省,2,2
VII-124,蒙古族唐卡(马鬃绕线堆绣唐卡),传统美术,5,5,2021,内蒙古自治区,1,1
VII-125,烙画(南阳烙画),传统美术,5,5,2021,河南省,1,1
VII-126,毛绣(察哈尔毛绣),传统美术,5,5,2021,内蒙古自治区,1,1
VII-127,发绣(东台发绣),传统美术,5,5,2021,江苏省、浙江省,2,2
VII-128,厦门珠绣,传统美术,5,5,2021,福建省,1,1
VII-129,鲁绣,传统美术,5,5,2021,山东省,1,1
VII-13,纳西族东巴画,传统美术,1,1,2006,云南省,1,1
VII-130,彝族刺绣(凉山彝族刺绣),传统美术,5,5,2021,四川省,1,1
VII-131,布依族刺绣,传统美术,5,5,2021,贵州省,1,1
VII-132,藏族刺绣(贵南藏族刺绣),传统美术,5,5,2021,青海省,1,1
VII-133,哈萨克族刺绣,传统美术,5,5,2021,新疆维吾尔自治区,1,1
VII-134,水晶雕刻(东海水晶雕刻),传统美术,5,5,2021,江苏省,1,1
VII-135,瓷刻(大丰瓷刻),传统美术,5,5,2021,江苏省,1,1
VII-136,竹根雕(象山竹根雕),传统美术,5,5,2021,浙江省,1,1
VII-137,贝雕(北海贝雕),传统美术,5,5,2021,广西壮族自治区,1,1
VII-138,骨角雕(合浦角雕),传统美术,5,5,2021,广西壮族自治区,1,1
VII-139,皮艺(蒙古族皮艺),传统美术,5,5,2021,内蒙古自治区,1,1
VII-14,藏族唐卡(噶玛嘎孜画派),传统美术,1,5,2006,四川省、甘肃省、西藏自治区、青海省,14,15
VII-15,衡水内画,传统美术,1,4,2006,北京市、山东省、广东省、河北省,4,4
VII-16,剪纸(蔚县剪纸),传统美术,1,5,2006,上海市、云南省、内蒙古自治区、吉林省、宁夏回族自治区、安徽省、山东省、山西省、广东省、江苏省、江西省、河北省、河南省、浙江省、湖北省、湖南省、甘肃省、福建省、贵州省、辽宁省、陕西省、黑龙江省,56,56
VII-17,顾绣,传统美术,1,1,2006,上海市,1,1
VII-18,苏绣,传统美术,1,5,2006,江苏省,5,5
VII-19,湘绣,传统美术,1,1,2006,湖南省,1,1
VII-2,武强木版年画,传统美术,1,1,2006,河北省,1,1
VII-20,粤绣(广绣),传统美术,1,5,2006,广东省,3,3
VII-21,蜀绣,传统美术,1,2,2006,四川省、重庆市,2,2
VII-22,苗绣(雷山苗绣),传统美术,1,5,2006,湖南省、贵州省,7,7
VII-23,水族马尾绣,传统美术,1,1,2006,贵州省,1,1
VII-24,土族盘绣,传统美术,1,1,2006,青海省,1,1
VII-25,挑花(黄梅挑花),传统美术,1,5,2006,安徽省、湖北省、湖南省、重庆市,6,6
VII-26,庆阳香包绣制,传统美术,1,2,2006,江苏省、甘肃省,2,2
VII-27,象牙雕刻,传统美术,1,4,2006,北京市、广东省、江苏省,3,3
VII-28,扬州玉雕,传统美术,1,1,2006,江苏省,1,1
VII-29,岫岩玉雕,传统美术,1,1,2006,辽宁省,1,1
VII-3,桃花坞木版年画,传统美术,1,1,2006,江苏省,1,1
VII-30,阜新玛瑙雕,传统美术,1,1,2006,辽宁省,1,1
VII-31,夜光杯雕,传统美术,1,1,2006,甘肃省,1,1
VII-32,金石篆刻(西泠印社),传统美术,1,4,2006,中直单位、浙江省,2,2
VII-33,青田石雕,传统美术,1,1,2006,浙江省,1,1
VII-34,曲阳石雕,传统美术,1,1,2006,河北省,1,1
VII-35,寿山石雕,传统美术,1,1,2006,福建省,1,1
VII-36,惠安石雕,传统美术,1,5,2006,福建省,2,2
VII-37,徽州三雕,传统美术,1,1,2006,安徽省、江西省,2,2
VII-38,临夏砖雕,传统美术,1,4,2006,宁夏回族自治区、山西省、甘肃省,3,3
VII-39,藏族格萨尔彩绘石刻,传统美术,1,1,2006,四川省,1,1
VII-4,漳州木版年画,传统美术,1,1,2006,福建省,1,1
VII-40,潮州木雕,传统美术,1,2,2006,广东省,3,3
VII-41,宁波朱金漆木雕,传统美术,1,1,2006,浙江省,1,1
VII-42,乐清黄杨木雕,传统美术,1,2,2006,上海市、浙江省,2,2
VII-43,东阳木雕,传统美术,1,1,2006,浙江省,1,1
VII-44,漳州木偶头雕刻,传统美术,1,4,2006,浙江省、福建省,3,3
VII-45,萍乡湘东傩面具,传统美术,1,1,2006,江西省,1,1
VII-46,竹刻(嘉定竹刻),传统美术,1,4,2006,上海市、四川省、安徽省、江苏省、浙江省、湖南省、福建省,8,8
VII-47,泥塑(天津泥人张),传统美术,1,5,2006,北京市、四川省、天津市、宁夏回族自治区、山东省、广东省、江苏省、河北省、河南省、贵州省、陕西省,15,15
VII-48,塔尔寺酥油花,传统美术,1,3,2006,西藏自治区、青海省,2,2
VII-49,热贡艺术,传统美术,1,1,2006,青海省,1,1
VII-5,杨家埠木版年画,传统美术,1,1,2006,山东省,1,1
VII-50,灯彩(仙居花灯),传统美术,1,4,2006,上海市、北京市、广东省、江苏省、河南省、浙江省、福建省、青海省,16,16
VII-51,嵊州竹编,传统美术,1,4,2006,四川省、安徽省、广西壮族自治区、江西省、浙江省、湖南省、福建省、重庆市,12,12
VII-52,面人(北京面人郎),传统美术,2,5,2008,上海市、北京市、天津市、山东省,6,6
VII-53,面花(阳城焙面面塑),传统美术,2,4,2008,山东省、山西省、陕西省,7,7
VII-54,草编(大名草编),传统美术,2,3,2008,上海市、四川省、山东省、新疆维吾尔自治区、江西省、河北省,6,6
VII-55,柳编(广宗柳编),传统美术,2,5,2008,安徽省、山东省、新疆维吾尔自治区、河北省,8,8
VII-56,石雕(煤精雕刻),传统美术,2,5,2008,内蒙古自治区、四川省、山东省、广东省、河南省、浙江省、湖北省、湖南省、辽宁省、重庆市、陕西省、青海省,18,18
VII-57,玉雕(北京玉雕),传统美术,2,5,2008,上海市、云南省、北京市、广东省、江苏省、河南省,7,7
VII-58,木雕(曲阜楷木雕刻),传统美术,2,5,2008,上海市、云南省、北京市、山东省、山西省、江西省、海南省、湖北省、澳门特别行政区、福建省、西藏自治区、重庆市,15,15
VII-59,核雕(光福核雕),传统美术,2,4,2008,山东省、广东省、江苏省、辽宁省,4,4
VII-6,高密扑灰年画,传统美术,1,1,2006,山东省,1,1
VII-60,椰雕(海南椰雕),传统美术,2,2,2008,海南省,1,1
VII-61,葫芦雕刻(东昌葫芦雕刻),传统美术,2,2,2008,山东省,1,1
VII-62,锡雕,传统美术,2,5,2008,山东省、江西省、浙江省、辽宁省,4,4
VII-63,汉字书法,传统美术,2,2,2008,中直单位,2,2
VII-64,藏文书法(德格藏文书法),传统美术,2,4,2008,四川省、西藏自治区、青海省,3,3
VII-65,木版年画(平阳木版年画),传统美术,2,3,2008,四川省、山东省、山西省、河南省、湖北省,6,6
VII-66,彩扎(凤凰纸扎),传统美术,2,5,2008,广东省、江苏省、河北省、湖南省、重庆市,7,7
VII-67,龙档(乐清龙档),传统美术,2,2,2008,浙江省,1,1
VII-68,常州梳篦,传统美术,2,2,2008,江苏省,1,1
VII-69,麦秆剪贴,传统美术,2,4,2008,河南省、浙江省、湖北省、黑龙江省,4,4
VII-7,朱仙镇木版年画,传统美术,1,1,2006,河南省,1,1
VII-70,北京绢花,传统美术,2,5,2008,北京市,1,2
VII-71,堆锦(上党堆锦),传统美术,2,2,2008,山西省,2,2
VII-72,湟中堆绣,传统美术,2,2,2008,青海省,1,1
VII-73,瓯绣,传统美术,2,2,2008,浙江省,1,1
VII-74,汴绣,传统美术,2,2,2008,河南省,1,1
VII-75,汉绣,传统美术,2,2,2008,湖北省,1,1
VII-76,羌族刺绣,传统美术,2,2,2008,四川省,1,1
VII-77,民间绣活(高平绣活),传统美术,2,5,2008,四川省、宁夏回族自治区、山西省、江西省、湖北省、陕西省,8,8
VII-78,彝族(撒尼)刺绣,传统美术,2,2,2008,云南省,1,1
VII-79,维吾尔族刺绣,传统美术,2,2,2008,新疆维吾尔自治区,1,1
VII-8,滩头木版年画,传统美术,1,1,2006,湖南省,1,1
VII-80,满族刺绣(岫岩满族民间刺绣),传统美术,2,5,2008,吉林省、辽宁省、黑龙江省,6,6
VII-81,蒙古族刺绣,传统美术,2,5,2008,内蒙古自治区、新疆维吾尔自治区,3,3
VII-82,柯尔克孜族刺绣,传统美术,2,2,2008,新疆维吾尔自治区,1,1
VII-83,哈萨克毡绣和布绣,传统美术,2,2,2008,北京市,1,1
VII-84,料器(北京料器),传统美术,2,3,2008,北京市,2,2
VII-85,瓯塑,传统美术,2,2,2008,浙江省,1,1
VII-86,砖塑(鄄城砖塑),传统美术,2,2,2008,山东省,1,1
VII-87,灰塑,传统美术,2,2,2008,广东省,1,1
VII-88,糖塑(丰县糖人贡),传统美术,2,2,2008,四川省、江苏省、湖北省,3,3
VII-89,瓷板画,传统美术,2,2,2008,江西省,1,1
VII-9,佛山木版年画,传统美术,1,1,2006,广东省,1,1
VII-90,软木画,传统美术,2,2,2008,福建省,1,1
VII-91,镶嵌(彩石镶嵌),传统美术,2,3,2008,广东省、浙江省,7,7
VII-92,新会葵艺,传统美术,2,2,2008,广东省,1,1
VII-93,传统插花,传统美术,2,2,2008,北京市,1,1
VII-94,盆景技艺(扬派盆景技艺),传统美术,2,4,2008,四川省、安徽省、广东省、江苏省,7,7
VII-95,布老虎(黎侯虎),传统美术,2,2,2008,山西省,1,1
VII-96,建筑彩绘(白族民居彩绘),传统美术,2,5,2008,云南省、北京市、宁夏回族自治区、山西省、辽宁省、陕西省,6,6
VII-97,棕编(新繁棕编),传统美术,3,3,2011,四川省,1,1
VII-98,苗画,传统美术,3,3,2011,湖南省,1,1
VII-99,嘉兴灶头画,传统美术,3,3,2011,浙江省,1,1
VIII-1,宜兴紫砂陶制作技艺,传统技艺,1,1,2006,江苏省,1,1
VIII-10,磁州窑烧制技艺,传统技艺,1,1,2006,河北省,1,1
VIII-100,传统棉纺织技艺,传统技艺,2,5,2008,四川省、山西省、新疆维吾尔自治区、江苏省、河北省、浙江省、湖北省,10,10
VIII-101,毛纺织及擀制技艺(彝族毛纺织及擀制技艺),传统技艺,2,5,2008,四川省、新疆维吾尔自治区、甘肃省、西藏自治区,5,5
VIII-102,夏布织造技艺,传统技艺,2,2,2008,江西省、重庆市,2,2
VIII-103,鲁锦织造技艺,传统技艺,2,2,2008,山东省,2,2
VIII-104,侗锦织造技艺,传统技艺,2,2,2008,湖南省,1,1
VIII-105,苗族织锦技艺,传统技艺,2,3,2008,贵州省,4,4
VIII-106,傣族织锦技艺,传统技艺,2,2,2008,云南省,1,1
VIII-107,香云纱染整技艺,传统技艺,2,2,2008,广东省,1,1
VIII-108,枫香印染技艺,传统技艺,2,2,2008,贵州省,2,2
VIII-109,新疆维吾尔族艾德莱斯绸织染技艺,传统技艺,2,2,2008,新疆维吾尔自治区,1,1
VIII-11,德化瓷烧制技艺,传统技艺,1,1,2006,福建省,1,1
VIII-110,地毯织造技艺(北京宫毯织造技艺),传统技艺,2,5,2008,内蒙古自治区、北京市、四川省、宁夏回族自治区、新疆维吾尔自治区、江苏省、甘肃省,7,7
VIII-111,滩羊皮鞣制工艺,传统技艺,2,4,2008,宁夏回族自治区、山西省,2,2
VIII-112,鄂伦春族狍皮制作技艺,传统技艺,2,2,2008,内蒙古自治区、黑龙江省,2,2
VIII-113,盛锡福皮帽制作技艺,传统技艺,2,2,2008,北京市,1,1
VIII-114,维吾尔族卡拉库尔胎羔皮帽制作技艺,传统技艺,2,2,2008,新疆维吾尔自治区,1,1
VIII-115,内联升千层底布鞋制作技艺,传统技艺,2,5,2008,北京市、四川省、天津市,3,3
VIII-116,黄金溜槽堆石砌灶冶炼技艺,传统技艺,2,2,2008,山东省,1,1
VIII-117,金银细工制作技艺,传统技艺,2,4,2008,上海市、山西省、江苏省,4,4
VIII-118,斑铜制作技艺,传统技艺,2,2,2008,云南省,1,1
VIII-119,铜雕技艺,传统技艺,2,2,2008,浙江省,1,1
VIII-12,澄城尧头陶瓷烧制技艺,传统技艺,1,1,2006,陕西省,1,1
VIII-120,藏族金属锻造技艺(藏族锻铜技艺),传统技艺,2,3,2008,四川省、西藏自治区、青海省,5,5
VIII-121,成都银花丝制作技艺,传统技艺,2,2,2008,四川省,1,1
VIII-122,维吾尔族传统小刀制作技艺,传统技艺,2,2,2008,新疆维吾尔自治区,1,1
VIII-123,蒙古族马具制作技艺,传统技艺,2,2,2008,内蒙古自治区,1,1
VIII-124,民族乐器制作技艺(长子响铜乐器制作技艺),传统技艺,2,5,2008,上海市、云南省、内蒙古自治区、北京市、吉林省、山西省、新疆维吾尔自治区、江苏省、湖南省、福建省、西藏自治区、贵州省,15,15
VIII-125,花丝镶嵌制作技艺,传统技艺,2,2,2008,北京市、河北省,2,2
VIII-126,金漆镶嵌髹饰技艺,传统技艺,2,2,2008,北京市,1,1
VIII-127,漆器髹饰技艺(徽州漆器髹饰技艺),传统技艺,2,4,2008,安徽省、山东省、山西省、广东省、江西省、湖北省、重庆市,8,8
VIII-128,彝族漆器髹饰技艺,传统技艺,2,2,2008,四川省、贵州省,2,2
VIII-129,纸笺加工技艺,传统技艺,2,2,2008,安徽省,1,1
VIII-13,南京云锦木机妆花手工织造技艺,传统技艺,1,3,2006,江苏省,2,2
VIII-130,宣笔制作技艺,传统技艺,2,2,2008,安徽省,1,1
VIII-131,楮皮纸制作技艺,传统技艺,2,2,2008,陕西省,1,1
VIII-132,白沙茅龙笔制作技艺,传统技艺,2,2,2008,广东省,1,1
VIII-133,砚台制作技艺(易水砚制作技艺),传统技艺,2,5,2008,北京市、宁夏回族自治区、山西省、江西省、河北省、甘肃省、贵州省、辽宁省,10,10
VIII-134,印泥制作技艺(上海鲁庵印泥),传统技艺,2,2,2008,上海市、福建省,2,2
VIII-135,木活字印刷技术,传统技艺,2,2,2008,浙江省,1,1
VIII-136,装裱修复技艺(古字画装裱修复技艺),传统技艺,2,5,2008,中直单位、北京市、天津市、江苏省、浙江省,7,7
VIII-137,传统木船制造技艺,传统技艺,2,2,2008,江苏省、浙江省,2,2
VIII-138,水密隔舱福船制造技艺,传统技艺,2,4,2008,福建省,3,3
VIII-139,龙舟制作技艺,传统技艺,2,2,2008,广东省,1,1
VIII-14,宋锦织造技艺,传统技艺,1,1,2006,江苏省,1,1
VIII-140,伞制作技艺(西湖绸伞),传统技艺,2,5,2008,四川省、江西省、浙江省,3,3
VIII-141,藏香制作技艺,传统技艺,2,5,2008,西藏自治区,3,3
VIII-142,贝叶经制作技艺,传统技艺,2,2,2008,云南省,1,1
VIII-143,土碱烧制技艺,传统技艺,2,2,2008,北京市,1,1
VIII-144,蒸馏酒传统酿造技艺(北京二锅头酒传统酿造技艺),传统技艺,2,5,2008,北京市、吉林省、四川省、安徽省、山东省、山西省、江苏省、河北省、河南省、贵州省、辽宁省、陕西省、青海省,20,20
VIII-145,酿造酒传统酿造技艺(封缸酒传统酿造技艺),传统技艺,2,5,2008,江苏省、河北省、浙江省、福建省,5,5
VIII-146,配制酒传统酿造技艺(菊花白酒传统酿造技艺),传统技艺,2,2,2008,北京市,1,1
VIII-147,花茶制作技艺(张一元茉莉花茶制作技艺),传统技艺,2,4,2008,北京市、福建省,3,3
VIII-148,绿茶制作技艺(西湖龙井),传统技艺,2,5,2008,四川省、安徽省、江苏省、江西省、河南省、浙江省、湖北省、贵州省,15,15
VIII-149,红茶制作技艺(祁门红茶制作技艺),传统技艺,2,5,2008,云南省、安徽省、江西省、福建省,4,4
VIII-15,苏州缂丝织造技艺,传统技艺,1,1,2006,江苏省,1,1
VIII-150,乌龙茶制作技艺(铁观音制作技艺),传统技艺,2,5,2008,福建省,2,2
VIII-151,普洱茶制作技艺(贡茶制作技艺),传统技艺,2,2,2008,云南省,2,2
VIII-152,黑茶制作技艺(千两茶制作技艺),传统技艺,2,5,2008,云南省、四川省、广西壮族自治区、湖北省、湖南省、陕西省,8,8
VIII-153,晒盐技艺(海盐晒制技艺),传统技艺,2,5,2008,山东省、山西省、江苏省、浙江省、海南省、西藏自治区,6,6
VIII-154,酱油酿造技艺(钱万隆酱油酿造技艺),传统技艺,2,4,2008,上海市、四川省,2,2
VIII-155,豆瓣传统制作技艺(郫县豆瓣传统制作技艺),传统技艺,2,2,2008,四川省,1,1
VIII-156,豆豉酿制技艺(永川豆豉酿制技艺),传统技艺,2,2,2008,四川省、重庆市,2,2
VIII-157,腐乳酿造技艺(王致和腐乳酿造技艺),传统技艺,2,2,2008,北京市,1,1
VIII-158,酱菜制作技艺(六必居酱菜制作技艺),传统技艺,2,2,2008,北京市,1,1
VIII-159,榨菜传统制作技艺(涪陵榨菜传统制作技艺),传统技艺,2,2,2008,重庆市,1,1
VIII-16,蜀锦织造技艺,传统技艺,1,1,2006,四川省,1,1
VIII-160,传统面食制作技艺(龙须拉面和刀削面制作技艺),传统技艺,2,5,2008,上海市、吉林省、天津市、宁夏回族自治区、山西省、新疆维吾尔自治区、浙江省、甘肃省、陕西省,16,16
VIII-161,茶点制作技艺(富春茶点制作技艺),传统技艺,2,2,2008,江苏省,1,1
VIII-162,周村烧饼制作技艺,传统技艺,2,2,2008,山东省,1,1
VIII-163,月饼传统制作技艺(郭杜林晋式月饼制作技艺),传统技艺,2,2,2008,山西省、广东省,2,2
VIII-164,素食制作技艺(功德林素食制作技艺),传统技艺,2,5,2008,上海市、江苏省,2,2
VIII-165,同盛祥牛羊肉泡馍制作技艺,传统技艺,2,2,2008,陕西省,1,1
VIII-166,火腿制作技艺(金华火腿腌制技艺),传统技艺,2,3,2008,云南省、浙江省,2,2
VIII-167,烤鸭技艺(全聚德挂炉烤鸭技艺),传统技艺,2,2,2008,北京市,2,2
VIII-168,牛羊肉烹制技艺(东来顺涮羊肉制作技艺),传统技艺,2,5,2008,内蒙古自治区、北京市、宁夏回族自治区、山西省,6,7
VIII-169,天福号酱肘子制作技艺,传统技艺,2,4,2008,北京市、山东省,2,2
VIII-17,乌泥泾手工棉纺织技艺,传统技艺,1,1,2006,上海市,1,1
VIII-170,六味斋酱肉传统制作技艺,传统技艺,2,2,2008,山西省,1,1
VIII-171,都一处烧麦制作技艺,传统技艺,2,2,2008,北京市,1,1
VIII-172,聚春园佛跳墙制作技艺,传统技艺,2,2,2008,福建省,1,1
VIII-173,真不同洛阳水席制作技艺,传统技艺,2,2,2008,河南省,1,1
VIII-174,官式古建筑营造技艺(北京故宫),传统技艺,2,2,2008,中直单位,1,1
VIII-175,木拱桥传统营造技艺,传统技艺,2,2,2008,浙江省、福建省,4,4
VIII-176,石桥营造技艺,传统技艺,2,2,2008,浙江省,1,1
VIII-177,婺州传统民居营造技艺(诸葛村古村落营造技艺),传统技艺,2,2,2008,浙江省,4,4
VIII-178,徽派传统民居营造技艺,传统技艺,2,2,2008,安徽省,1,1
VIII-179,闽南传统民居营造技艺,传统技艺,2,4,2008,福建省,4,4
VIII-18,土家族织锦技艺,传统技艺,1,1,2006,湖南省,1,1
VIII-180,窑洞营造技艺,传统技艺,2,3,2008,山西省、河南省、甘肃省、陕西省,4,4
VIII-181,蒙古包营造技艺,传统技艺,2,5,2008,内蒙古自治区、青海省,4,4
VIII-182,黎族船型屋营造技艺,传统技艺,2,2,2008,海南省,1,1
VIII-183,哈萨克族毡房营造技艺,传统技艺,2,2,2008,新疆维吾尔自治区,1,1
VIII-184,俄罗斯族民居营造技艺,传统技艺,2,2,2008,新疆维吾尔自治区,1,1
VIII-185,撒拉族篱笆楼营造技艺,传统技艺,2,2,2008,青海省,1,1
VIII-186,藏族碉楼营造技艺,传统技艺,2,3,2008,四川省、青海省,4,4
VIII-187,越窑青瓷烧制技艺,传统技艺,3,3,2011,浙江省,3,3
VIII-188,建窑建盏烧制技艺,传统技艺,3,3,2011,福建省,1,1
VIII-189,汝瓷烧制技艺,传统技艺,3,3,2011,河南省,2,2
VIII-19,黎族传统纺染织绣技艺,传统技艺,1,1,2006,海南省,5,5
VIII-190,淄博陶瓷烧制技艺,传统技艺,3,3,2011,山东省,1,1
VIII-191,长沙窑铜官陶瓷烧制技艺,传统技艺,3,3,2011,湖南省,1,1
VIII-192,蓝夹缬技艺,传统技艺,3,3,2011,浙江省,1,1
VIII-193,中式服装制作技艺(龙凤旗袍手工制作技艺),传统技艺,3,5,2011,上海市、吉林省、浙江省、香港特别行政区,7,7
VIII-194,铅锡刻镂技艺,传统技艺,3,3,2011,湖北省,1,1
VIII-195,乌铜走银制作技艺,传统技艺,3,3,2011,云南省,1,1
VIII-196,银铜器制作及鎏金技艺,传统技艺,3,5,2011,内蒙古自治区、山西省、青海省,3,3
VIII-197,青铜器修复及复制技艺,传统技艺,3,5,2011,上海市、中直单位,2,2
VIII-198,国画颜料制作技艺(姜思序堂国画颜料制作技艺),传统技艺,3,3,2011,江苏省,1,1
VIII-199,藏族矿植物颜料制作技艺,传统技艺,3,3,2011,西藏自治区,1,1
VIII-2,界首彩陶烧制技艺,传统技艺,1,1,2006,安徽省,1,1
VIII-20,壮族织锦技艺,传统技艺,1,1,2006,广西壮族自治区,1,1
VIII-200,毛笔制作技艺(周虎臣毛笔制作技艺),传统技艺,3,5,2011,上海市、安徽省、江苏省、江西省,4,4
VIII-201,衡水法帖雕版拓印技艺,传统技艺,3,3,2011,河北省,1,1
VIII-202,古书画临摹复制技艺,传统技艺,3,3,2011,中直单位,1,1
VIII-203,白茶制作技艺(福鼎白茶制作技艺),传统技艺,3,3,2011,福建省,1,1
VIII-204,仿膳(清廷御膳)制作技艺,传统技艺,3,3,2011,北京市,1,1
VIII-205,直隶官府菜烹饪技艺,传统技艺,3,3,2011,河北省,1,1
VIII-206,孔府菜烹饪技艺,传统技艺,3,3,2011,山东省,1,1
VIII-207,五芳斋粽子制作技艺,传统技艺,3,3,2011,浙江省,1,1
VIII-208,北京四合院传统营造技艺,传统技艺,3,3,2011,中直单位,1,1
VIII-209,雁门民居营造技艺,传统技艺,3,3,2011,山西省,1,1
VIII-21,藏族邦典、卡垫织造技艺,传统技艺,1,1,2006,西藏自治区,2,2
VIII-210,石库门里弄建筑营造技艺,传统技艺,3,3,2011,上海市,1,1
VIII-211,土家族吊脚楼营造技艺,传统技艺,3,3,2011,湖北省、湖南省、重庆市,3,3
VIII-212,维吾尔族民居建筑技艺(阿依旺赛来民居营造技艺),传统技艺,3,3,2011,新疆维吾尔自治区,1,1
VIII-213,邢窑陶瓷烧制技艺,传统技艺,4,4,2014,河北省,1,1
VIII-214,婺州窑陶瓷烧制技艺,传统技艺,4,5,2014,浙江省,2,2
VIII-215,吉州窑陶瓷烧制技艺,传统技艺,4,4,2014,江西省,1,1
VIII-216,登封窑陶瓷烧制技艺,传统技艺,4,4,2014,河南省,1,1
VIII-217,当阳峪绞胎瓷烧制技艺,传统技艺,4,4,2014,河南省,1,1
VIII-218,潮州彩瓷烧制技艺,传统技艺,4,4,2014,广东省,1,1
VIII-219,陶瓷微书,传统技艺,4,4,2014,广东省,1,1
VIII-22,加牙藏族织毯技艺,传统技艺,1,1,2006,青海省,1,1
VIII-220,古陶瓷修复技艺,传统技艺,4,5,2014,上海市,2,2
VIII-221,藏族鎏钴技艺,传统技艺,4,4,2014,青海省,1,1
VIII-222,铜器制作技艺(大同铜器制作技艺),传统技艺,4,5,2014,山西省、新疆维吾尔自治区,2,2
VIII-223,古代钟表修复技艺,传统技艺,4,4,2014,中直单位,1,1
VIII-224,传统香制作技艺(药香制作技艺),传统技艺,4,5,2014,北京市、广东省、河北省、福建省,4,4
VIII-225,一得阁墨汁制作技艺,传统技艺,4,4,2014,北京市,1,1
VIII-226,奶制品制作技艺(察干伊德),传统技艺,4,4,2014,内蒙古自治区,1,1
VIII-227,辽菜传统烹饪技艺,传统技艺,4,4,2014,辽宁省,1,1
VIII-228,泡菜制作技艺(朝鲜族泡菜制作技艺),传统技艺,4,4,2014,吉林省,1,1
VIII-229,老汤精配制,传统技艺,4,4,2014,黑龙江省,1,1
VIII-23,维吾尔族花毡、印花布织染技艺,传统技艺,1,2,2006,新疆维吾尔自治区,4,4
VIII-230,上海本帮菜肴传统烹饪技艺,传统技艺,4,4,2014,上海市,1,1
VIII-231,传统制糖技艺(义乌红糖制作技艺),传统技艺,4,4,2014,浙江省,1,1
VIII-232,豆腐传统制作技艺,传统技艺,4,5,2014,安徽省、山东省,3,3
VIII-233,德州扒鸡制作技艺,传统技艺,4,4,2014,山东省,1,1
VIII-234,龙口粉丝传统制作技艺,传统技艺,4,4,2014,山东省,1,1
VIII-235,蒙自过桥米线制作技艺,传统技艺,4,4,2014,云南省,1,1
VIII-236,坎儿井开凿技艺,传统技艺,4,4,2014,新疆维吾尔自治区,1,1
VIII-237,古建筑模型制作技艺,传统技艺,4,4,2014,山西省,1,1
VIII-238,传统造园技艺(扬州园林营造技艺),传统技艺,4,4,2014,江苏省,1,1
VIII-239,古戏台营造技艺,传统技艺,4,4,2014,江西省,1,1
VIII-24,南通蓝印花布印染技艺,传统技艺,1,4,2006,江苏省、浙江省、湖南省,4,4
VIII-240,庐陵传统民居营造技艺,传统技艺,4,4,2014,江西省,1,1
VIII-241,古建筑修复技艺,传统技艺,4,4,2014,甘肃省,1,1
VIII-242,八义窑红绿彩瓷烧制技艺,传统技艺,5,5,2021,山西省,1,1
VIII-243,鲁山窑烧制技艺(鲁山花瓷烧制技艺),传统技艺,5,5,2021,河南省,1,1
VIII-244,北京蒙镶技艺,传统技艺,5,5,2021,北京市,1,1
VIII-245,缂丝织造技艺(定州缂丝织造技艺),传统技艺,5,5,2021,河北省,1,1
VIII-246,花边制作技艺(萧山花边制作技艺),传统技艺,5,5,2021,浙江省,1,1
VIII-247,彩带编织技艺(畲族彩带编织技艺),传统技艺,5,5,2021,浙江省,1,1
VIII-248,丝绸染织技艺(周村丝绸染织技艺),传统技艺,5,5,2021,山东省,1,1
VIII-249,佤族织锦技艺,传统技艺,5,5,2021,云南省,1,1
VIII-25,苗族蜡染技艺,传统技艺,1,5,2006,四川省、贵州省,5,5
VIII-250,铸铁技艺(永康铸铁技艺),传统技艺,5,5,2021,浙江省,1,1
VIII-251,青铜器制作技艺(青铜编钟制作技艺),传统技艺,5,5,2021,湖北省,1,1
VIII-252,刀剑锻制技艺(七台河刀剑锻制技艺),传统技艺,5,5,2021,黑龙江省,1,1
VIII-253,银胎掐丝珐琅器制作技艺(永胜珐琅银器制作技艺),传统技艺,5,5,2021,云南省,1,1
VIII-254,金镶玉制作技艺(郏县金镶玉制作技艺),传统技艺,5,5,2021,河南省,1,1
VIII-255,制漆技艺(坝漆制作技艺),传统技艺,5,5,2021,湖北省,1,1
VIII-256,书画毡制作技艺(定兴书画毡制作技艺),传统技艺,5,5,2021,河北省,1,1
VIII-257,简牍制作技艺(楚简制作技艺),传统技艺,5,5,2021,湖北省,1,1
VIII-258,麻纸制作技艺(西和麻纸制作技艺),传统技艺,5,5,2021,甘肃省,1,1
VIII-259,传统书籍装帧技艺,传统技艺,5,5,2021,中直单位,1,1
VIII-26,白族扎染技艺,传统技艺,1,2,2006,云南省、四川省,2,2
VIII-260,宫廷传统囊匣制作技艺,传统技艺,5,5,2021,中直单位,1,1
VIII-261,脂粉制作技艺(谢馥春脂粉制作技艺),传统技艺,5,5,2021,江苏省,1,1
VIII-262,骨器制作技艺(白沙黎族骨器制作技艺),传统技艺,5,5,2021,海南省,1,1
VIII-263,云南围棋子(云子、永子)制作技艺,传统技艺,5,5,2021,云南省,1,1
VIII-264,擦擦制作技艺(拉萨擦擦制作技艺),传统技艺,5,5,2021,西藏自治区,1,1
VIII-265,葫芦制作技艺(天津葫芦制作技艺),传统技艺,5,5,2021,天津市、山西省,2,2
VIII-266,严东关五加皮酿酒技艺,传统技艺,5,5,2021,浙江省,1,1
VIII-267,黄茶制作技艺(君山银针茶制作技艺),传统技艺,5,5,2021,湖南省,1,1
VIII-268,德昂族酸茶制作技艺,传统技艺,5,5,2021,云南省,1,1
VIII-269,中餐烹饪技艺与食俗,传统技艺,5,5,2021,中直单位,1,1
VIII-27,香山帮传统建筑营造技艺,传统技艺,1,1,2006,江苏省,1,1
VIII-270,徽菜烹饪技艺,传统技艺,5,5,2021,安徽省,1,1
VIII-271,潮州菜烹饪技艺,传统技艺,5,5,2021,广东省,1,1
VIII-272,川菜烹饪技艺,传统技艺,5,5,2021,四川省,1,1
VIII-273,食用油传统制作技艺(大名小磨香油制作技艺),传统技艺,5,5,2021,河北省,1,1
VIII-274,果脯蜜饯制作技艺(北京果脯传统制作技艺),传统技艺,5,5,2021,北京市、湖南省,2,2
VIII-275,梨膏糖制作技艺(上海梨膏糖制作技艺),传统技艺,5,5,2021,上海市,1,1
VIII-276,小吃制作技艺(沙县小吃制作技艺),传统技艺,5,5,2021,河南省、湖南省、福建省,3,3
VIII-277,米粉制作技艺(沙河粉传统制作技艺),传统技艺,5,5,2021,广东省、广西壮族自治区,3,3
VIII-278,龟苓膏配制技艺,传统技艺,5,5,2021,广西壮族自治区,1,1
VIII-279,凯里酸汤鱼制作技艺,传统技艺,5,5,2021,贵州省,1,1
VIII-28,客家土楼营造技艺,传统技艺,1,4,2006,江西省、福建省,4,4
VIII-280,土生葡人美食烹饪技艺,传统技艺,5,5,2021,澳门特别行政区,1,1
VIII-281,水碓营造技艺(景德镇瓷业水碓营造技艺),传统技艺,5,5,2021,江西省,1,1
VIII-282,盘炕技艺(桓仁盘炕技艺),传统技艺,5,5,2021,辽宁省,1,1
VIII-283,潮汕古建筑营造技艺,传统技艺,5,5,2021,广东省,1,1
VIII-284,彝族传统建筑营造技艺(凉山彝族传统民居营造技艺),传统技艺,5,5,2021,四川省,1,1
VIII-285,传统帐篷编制技艺(巴青牛毛帐篷编制技艺),传统技艺,5,5,2021,西藏自治区、青海省,2,2
VIII-286,关中传统民居营造技艺,传统技艺,5,5,2021,陕西省,1,1
VIII-287,固原传统建筑营造技艺,传统技艺,5,5,2021,宁夏回族自治区,1,1
VIII-29,景德镇传统瓷窑作坊营造技艺,传统技艺,1,1,2006,江西省,1,1
VIII-3,石湾陶塑技艺,传统技艺,1,1,2006,广东省,1,1
VIII-30,侗族木构建筑营造技艺,传统技艺,1,5,2006,广西壮族自治区、湖南省、贵州省,5,5
VIII-31,苗寨吊脚楼营造技艺,传统技艺,1,1,2006,贵州省,1,1
VIII-32,苏州御窑金砖制作技艺,传统技艺,1,1,2006,江苏省,1,1
VIII-33,苗族芦笙制作技艺,传统技艺,1,1,2006,云南省、贵州省,2,2
VIII-34,玉屏箫笛制作技艺,传统技艺,1,1,2006,贵州省,1,1
VIII-35,阳城生铁冶铸技艺,传统技艺,1,4,2006,山西省、河北省、甘肃省,3,3
VIII-36,南京金箔锻制技艺,传统技艺,1,1,2006,江苏省,1,1
VIII-37,龙泉宝剑锻制技艺,传统技艺,1,4,2006,河南省、浙江省,2,2
VIII-38,张小泉剪刀锻制技艺,传统技艺,1,2,2006,北京市、浙江省,2,2
VIII-39,芜湖铁画锻制技艺,传统技艺,1,1,2006,安徽省,1,1
VIII-4,黎族原始制陶技艺,传统技艺,1,1,2006,海南省,1,1
VIII-40,苗族银饰锻制技艺,传统技艺,1,4,2006,云南省、四川省、湖南省、福建省、贵州省,9,9
VIII-41,阿昌族户撒刀锻制技艺,传统技艺,1,1,2006,云南省,1,1
VIII-42,保安族腰刀锻制技艺,传统技艺,1,1,2006,甘肃省,1,1
VIII-43,景泰蓝制作技艺,传统技艺,1,4,2006,北京市、河北省,2,2
VIII-44,聚元号弓箭制作技艺,传统技艺,1,3,2006,内蒙古自治区、北京市、新疆维吾尔自治区,3,3
VIII-45,明式家具制作技艺,传统技艺,1,5,2006,北京市、山西省、广东省、江苏省、福建省,7,7
VIII-46,蒙古族勒勒车制作技艺,传统技艺,1,2,2006,内蒙古自治区,2,2
VIII-47,拉萨甲米水磨坊制作技艺,传统技艺,1,1,2006,西藏自治区,1,1
VIII-48,兰州黄河大水车制作技艺,传统技艺,1,1,2006,甘肃省,1,1
VIII-49,万安罗盘制作技艺,传统技艺,1,1,2006,安徽省,1,1
VIII-5,傣族慢轮制陶技艺,传统技艺,1,1,2006,云南省,1,1
VIII-50,雕漆技艺,传统技艺,1,2,2006,北京市、甘肃省,2,2
VIII-51,平遥推光漆器髹饰技艺,传统技艺,1,1,2006,山西省,1,1
VIII-52,扬州漆器髹饰技艺,传统技艺,1,1,2006,江苏省,1,1
VIII-53,天台山干漆夹苎技艺,传统技艺,1,1,2006,浙江省,1,1
VIII-54,福州脱胎漆器髹饰技艺,传统技艺,1,1,2006,福建省,1,1
VIII-55,厦门漆线雕技艺,传统技艺,1,1,2006,福建省,1,1
VIII-56,成都漆艺,传统技艺,1,1,2006,四川省,1,1
VIII-57,茅台酒酿制技艺,传统技艺,1,1,2006,贵州省,1,1
VIII-58,泸州老窖酒酿制技艺,传统技艺,1,1,2006,四川省,1,1
VIII-59,杏花村汾酒酿制技艺,传统技艺,1,1,2006,山西省,1,1
VIII-6,维吾尔族模制法土陶烧制技艺,传统技艺,1,2,2006,北京市、新疆维吾尔自治区,4,4
VIII-60,绍兴黄酒酿制技艺,传统技艺,1,1,2006,浙江省,1,1
VIII-61,清徐老陈醋酿制技艺,传统技艺,1,5,2006,四川省、天津市、宁夏回族自治区、山西省、贵州省,7,7
VIII-62,镇江恒顺香醋酿制技艺,传统技艺,1,1,2006,江苏省,1,1
VIII-63,武夷岩茶(大红袍)制作技艺,传统技艺,1,1,2006,福建省,1,1
VIII-64,自贡井盐深钻汲制技艺,传统技艺,1,1,2006,四川省,2,2
VIII-65,宣纸制作技艺,传统技艺,1,1,2006,安徽省,1,1
VIII-66,铅山连四纸制作技艺,传统技艺,1,1,2006,江西省,1,1
VIII-67,皮纸制作技艺,传统技艺,1,4,2006,山西省、浙江省、贵州省,5,5
VIII-68,傣族、纳西族手工造纸技艺,传统技艺,1,1,2006,云南省,2,2
VIII-69,藏族造纸技艺,传统技艺,1,1,2006,西藏自治区,1,1
VIII-7,景德镇手工制瓷技艺,传统技艺,1,1,2006,江西省,1,1
VIII-70,维吾尔族桑皮纸制作技艺,传统技艺,1,2,2006,安徽省、新疆维吾尔自治区,3,3
VIII-71,竹纸制作技艺,传统技艺,1,4,2006,四川省、浙江省、湖南省、福建省,6,6
VIII-72,湖笔制作技艺,传统技艺,1,1,2006,浙江省,1,1
VIII-73,徽墨制作技艺,传统技艺,1,3,2006,上海市、安徽省,4,4
VIII-74,歙砚制作技艺,传统技艺,1,1,2006,安徽省、江西省,2,2
VIII-75,端砚制作技艺,传统技艺,1,1,2006,广东省,1,1
VIII-76,金星砚制作技艺,传统技艺,1,1,2006,江西省,1,1
VIII-77,木版水印技艺,传统技艺,1,4,2006,上海市、中直单位、浙江省,3,3
VIII-78,雕版印刷技艺,传统技艺,1,3,2006,江苏省、浙江省、福建省、青海省,4,4
VIII-79,金陵刻经印刷技艺,传统技艺,1,1,2006,江苏省,1,1
VIII-8,耀州窑陶瓷烧制技艺,传统技艺,1,1,2006,陕西省,1,1
VIII-80,德格印经院藏族雕版印刷技艺,传统技艺,1,2,2006,四川省、西藏自治区,2,2
VIII-81,制扇技艺,传统技艺,1,5,2006,四川省、安徽省、江苏省、浙江省、湖南省、重庆市,6,6
VIII-82,剧装戏具制作技艺,传统技艺,1,5,2006,北京市、天津市、江苏省,4,4
VIII-83,桦树皮制作技艺,传统技艺,1,2,2006,内蒙古自治区、黑龙江省,4,4
VIII-84,黎族树皮布制作技艺,传统技艺,1,1,2006,海南省,1,1
VIII-85,赫哲族鱼皮制作技艺,传统技艺,1,1,2006,黑龙江省,1,1
VIII-86,浏阳花炮制作技艺,传统技艺,1,2,2006,江西省、河北省、湖南省、陕西省,6,6
VIII-87,黎族钻木取火技艺,传统技艺,1,1,2006,海南省,1,1
VIII-88,风筝制作技艺(南通板鹞风筝),传统技艺,1,3,2006,北京市、天津市、山东省、江苏省、西藏自治区,7,7
VIII-89,凉茶,传统技艺,1,1,2006,广东省、澳门特别行政区、香港特别行政区,3,3
VIII-9,龙泉青瓷烧制技艺,传统技艺,1,1,2006,浙江省,1,1
VIII-90,琉璃烧制技艺,传统技艺,2,4,2008,北京市、山东省、山西省,4,4
VIII-91,临清贡砖烧制技艺,传统技艺,2,2,2008,山东省,1,1
VIII-92,定瓷烧制技艺,传统技艺,2,2,2008,河北省,1,1
VIII-93,钧瓷烧制技艺,传统技艺,2,2,2008,河南省,1,1
VIII-94,唐三彩烧制技艺,传统技艺,2,2,2008,河南省,1,1
VIII-95,醴陵釉下五彩瓷烧制技艺,传统技艺,2,2,2008,湖南省,1,1
VIII-96,枫溪瓷烧制技艺,传统技艺,2,2,2008,广东省,1,1
VIII-97,广彩瓷烧制技艺,传统技艺,2,2,2008,广东省,1,1
VIII-98,陶器烧制技艺(钦州坭兴陶烧制技艺),传统技艺,2,5,2008,云南省、四川省、安徽省、山东省、山西省、广东省、广西壮族自治区、江苏省、海南省、贵州省、重庆市、青海省,15,15
VIII-99,蚕丝织造技艺(余杭清水丝绵制作技艺),传统技艺,2,4,2008,山西省、浙江省,6,6
X-1,春节,民俗,1,5,2006,中直单位、吉林省、宁夏回族自治区、山西省、广东省,6,6
X-10,火把节(彝族火把节),民俗,1,3,2006,云南省、四川省、贵州省,3,3
X-100,塔吉克族婚俗,民俗,2,2,2008,新疆维吾尔自治区,1,1
X-101,水乡社戏,民俗,2,2,2008,浙江省,1,1
X-102,界首书会,民俗,2,2,2008,安徽省,1,1
X-103,洛阳牡丹花会,民俗,2,2,2008,河南省,1,1
X-104,三汇彩亭会,民俗,2,2,2008,四川省,1,1
X-105,石宝山歌会,民俗,2,2,2008,云南省,1,1
X-106,大理三月街,民俗,2,2,2008,云南省,1,1
X-107,茶艺(潮州工夫茶艺),民俗,2,5,2008,云南省、广东省、广西壮族自治区,3,3
X-108,蒙古族服饰,民俗,2,5,2008,内蒙古自治区、新疆维吾尔自治区、甘肃省、青海省,5,5
X-109,朝鲜族服饰,民俗,2,2,2008,吉林省,1,1
X-11,景颇族目瑙纵歌,民俗,1,1,2006,云南省,1,1
X-110,畲族服饰,民俗,2,2,2008,福建省,1,1
X-111,黎族服饰,民俗,2,2,2008,海南省,2,2
X-112,珞巴族服饰,民俗,2,2,2008,西藏自治区,2,2
X-113,藏族服饰,民俗,2,4,2008,西藏自治区、青海省,8,8
X-114,裕固族服饰,民俗,2,2,2008,甘肃省,1,1
X-115,土族服饰,民俗,2,2,2008,青海省,1,1
X-116,撒拉族服饰,民俗,2,2,2008,青海省,1,1
X-117,维吾尔族服饰,民俗,2,2,2008,新疆维吾尔自治区,1,1
X-118,哈萨克族服饰,民俗,2,2,2008,新疆维吾尔自治区,1,1
X-119,珠算(程大位珠算法),民俗,2,2,2008,中直单位、安徽省,2,2
X-12,黎族三月三节,民俗,1,4,2006,广西壮族自治区、海南省、贵州省,3,3
X-120,南海航道更路经,民俗,2,3,2008,海南省,2,2
X-121,藏族天文历算,民俗,2,2,2008,西藏自治区,1,1
X-122,中元节(潮人盂兰胜会),民俗,3,5,2011,山东省、广西壮族自治区、香港特别行政区,3,3
X-123,中和节(永济背冰),民俗,3,3,2011,山西省,2,2
X-124,俄罗斯族巴斯克节,民俗,3,3,2011,内蒙古自治区,1,1
X-125,鄂温克族瑟宾节,民俗,3,3,2011,黑龙江省,1,1
X-126,诺茹孜节,民俗,3,3,2011,新疆维吾尔自治区,1,1
X-127,布依族“三月三”,民俗,3,3,2011,贵州省,2,2
X-128,土家年,民俗,3,3,2011,湖南省,1,1
X-129,彝族年,民俗,3,3,2011,四川省,1,1
X-13,鄂伦春族古伦木沓节,民俗,1,1,2006,黑龙江省,1,1
X-130,侗年,民俗,3,3,2011,贵州省,1,1
X-131,藏历年,民俗,3,3,2011,西藏自治区,1,1
X-132,舜帝祭典,民俗,3,3,2011,湖南省,1,1
X-133,祭寨神林,民俗,3,3,2011,云南省,1,1
X-134,歌会(瑞云四月八),民俗,3,3,2011,福建省、贵州省,2,2
X-135,尉村跑鼓车,民俗,3,3,2011,山西省,1,1
X-136,独辕四景车赛会,民俗,3,3,2011,山西省,1,1
X-137,网船会,民俗,3,3,2011,浙江省,1,1
X-138,月也,民俗,3,3,2011,贵州省,1,1
X-139,婚俗(朝鲜族回婚礼),民俗,3,4,2011,吉林省、四川省、宁夏回族自治区、广东省、新疆维吾尔自治区、浙江省、甘肃省、福建省、黑龙江省,11,11
X-14,瑶族盘王节,民俗,1,5,2006,广东省、广西壮族自治区、湖南省,3,3
X-140,径山茶宴,民俗,3,3,2011,浙江省,1,1
X-141,装泥鱼习俗,民俗,3,3,2011,广东省,1,1
X-142,苗族栽岩习俗,民俗,3,5,2011,上海市、广西壮族自治区、江西省、贵州省、陕西省,6,6
X-143,柯尔克孜族驯鹰习俗,民俗,3,3,2011,新疆维吾尔自治区,1,1
X-144,塔吉克族服饰,民俗,3,3,2011,新疆维吾尔自治区,1,1
X-145,望果节,民俗,4,4,2014,西藏自治区,1,1
X-146,苗族花山节,民俗,4,4,2014,云南省,1,1
X-147,察干苏力德祭,民俗,4,4,2014,内蒙古自治区,1,1
X-148,博格达乌拉祭,民俗,4,4,2014,内蒙古自治区,1,1
X-149,稻作习俗,民俗,4,4,2014,江西省,1,1
X-15,壮族蚂虫另节,民俗,1,1,2006,广西壮族自治区,1,1
X-150,仡佬族三幺台习俗,民俗,4,4,2014,贵州省,1,1
X-151,匾额习俗(赣南客家匾额习俗),民俗,4,4,2014,江西省,1,1
X-152,马仙信俗,民俗,4,4,2014,福建省,1,1
X-153,寮步香市,民俗,4,4,2014,广东省,1,1
X-154,达斡尔族服饰,民俗,4,4,2014,内蒙古自治区,1,1
X-155,鄂温克族服饰,民俗,4,4,2014,内蒙古自治区,1,1
X-156,彝族服饰,民俗,4,4,2014,云南省、四川省,2,2
X-157,布依族服饰,民俗,4,4,2014,贵州省,1,1
X-158,侗族服饰,民俗,4,4,2014,贵州省,1,1
X-159,柯尔克孜族服饰,民俗,4,4,2014,新疆维吾尔自治区,1,1
X-16,仫佬族依饭节,民俗,1,1,2006,广西壮族自治区,1,1
X-160,朝鲜族百种节,民俗,5,5,2021,吉林省,1,1
X-161,瑶族祝著节,民俗,5,5,2021,广西壮族自治区,1,1
X-162,壮族侬峒节,民俗,5,5,2021,广西壮族自治区,1,1
X-163,秀山苗族羊马节,民俗,5,5,2021,重庆市,1,1
X-164,矻扎扎节,民俗,5,5,2021,云南省,1,1
X-165,特懋克节,民俗,5,5,2021,云南省,1,1
X-166,三多节,民俗,5,5,2021,云南省,1,1
X-167,普米族拈达则封山仪式,民俗,5,5,2021,云南省,1,1
X-168,阔时节,民俗,5,5,2021,云南省,1,1
X-169,祭典(老子祭典),民俗,5,5,2021,河南省,1,1
X-17,毛南族肥套,民俗,1,1,2006,广西壮族自治区,1,1
X-170,祭祀兄弟公出海仪式,民俗,5,5,2021,海南省,1,1
X-171,赫哲族乌日贡大会,民俗,5,5,2021,黑龙江省,1,1
X-172,龙神赛会,民俗,5,5,2021,甘肃省,1,1
X-173,放河灯(松花江放河灯),民俗,5,5,2021,吉林省,1,1
X-174,腊八节习俗,民俗,5,5,2021,浙江省,1,1
X-175,炼火,民俗,5,5,2021,浙江省,1,1
X-176,壮族会鼓习俗,民俗,5,5,2021,广西壮族自治区,1,1
X-177,大安校水柜习俗,民俗,5,5,2021,广西壮族自治区,1,1
X-178,敬老习俗(壮族补粮敬老习俗),民俗,5,5,2021,广西壮族自治区,1,1
X-179,徐州伏羊食俗,民俗,5,5,2021,江苏省,1,1
X-18,羌族瓦尔俄足节,民俗,1,1,2006,四川省,1,1
X-180,德都蒙古全席,民俗,5,5,2021,青海省,1,1
X-181,尖扎达顿宴,民俗,5,5,2021,青海省,1,1
X-182,传统服饰(赣南客家服饰),民俗,5,5,2021,江西省,1,1
X-183,傣族服饰(花腰傣服饰),民俗,5,5,2021,云南省,1,1
X-19,苗族鼓藏节,民俗,1,4,2006,贵州省,2,2
X-2,清明节,民俗,1,4,2006,中直单位、山西省、江苏省,4,4
X-20,水族端节,民俗,1,1,2006,贵州省,1,1
X-21,布依族查白歌节,民俗,1,1,2006,贵州省,1,1
X-22,苗族姊妹节,民俗,1,1,2006,贵州省,1,1
X-23,独龙族卡雀哇节,民俗,1,1,2006,云南省,1,1
X-24,怒族仙女节,民俗,1,1,2006,云南省,1,1
X-25,侗族萨玛节,民俗,1,2,2006,贵州省,2,2
X-26,仡佬毛龙节,民俗,1,1,2006,贵州省,1,1
X-27,傈僳族刀杆节,民俗,1,1,2006,云南省,1,1
X-28,塔吉克族引水节和播种节,民俗,1,1,2006,新疆维吾尔自治区,1,1
X-29,土族纳顿节,民俗,1,1,2006,青海省,1,1
X-3,端午节,民俗,1,5,2006,上海市、中直单位、江苏省、浙江省、湖北省、湖南省、福建省、香港特别行政区、黑龙江省,16,16
X-30,都江堰放水节,民俗,1,1,2006,四川省,1,1
X-31,雪顿节,民俗,1,1,2006,西藏自治区,1,1
X-32,黄帝陵祭典,民俗,1,3,2006,河南省、浙江省、陕西省,3,3
X-33,炎帝陵祭典,民俗,1,3,2006,湖北省、湖南省、陕西省,3,3
X-34,成吉思汗祭典,民俗,1,1,2006,内蒙古自治区,1,1
X-35,祭孔大典,民俗,1,3,2006,山东省、浙江省,2,2
X-36,妈祖祭典,民俗,1,5,2006,中直单位、天津市、浙江省、海南省、澳门特别行政区、福建省、香港特别行政区,8,8
X-37,太昊伏羲祭典,民俗,1,3,2006,河北省、河南省、甘肃省,3,3
X-38,女娲祭典,民俗,1,3,2006,河北省、甘肃省,2,2
X-39,大禹祭典,民俗,1,1,2006,浙江省,1,1
X-4,七夕节,民俗,1,4,2006,中直单位、广东省、浙江省、湖北省、甘肃省,5,5
X-40,祭敖包,民俗,1,3,2006,内蒙古自治区、新疆维吾尔自治区,2,2
X-41,白族绕三灵,民俗,1,1,2006,云南省,1,1
X-42,厂甸庙会,民俗,1,1,2006,北京市,1,1
X-43,热贡六月会,民俗,1,1,2006,青海省,1,1
X-44,小榄菊花会,民俗,1,1,2006,广东省,1,1
X-45,瑶族耍歌堂,民俗,1,1,2006,广东省,1,1
X-46,壮族歌圩,民俗,1,1,2006,广西壮族自治区,1,1
X-47,苗族系列坡会群,民俗,1,1,2006,广西壮族自治区,1,1
X-48,那达慕,民俗,1,2,2006,内蒙古自治区、新疆维吾尔自治区、青海省,3,3
X-49,维吾尔刀郎麦西热甫,民俗,1,2,2006,新疆维吾尔自治区,5,5
X-5,中秋节,民俗,1,4,2006,中直单位、吉林省、山西省、广东省、江西省、福建省、辽宁省、香港特别行政区,8,8
X-50,秦淮灯会,民俗,1,1,2006,江苏省,1,1
X-51,秀山花灯,民俗,1,1,2006,重庆市,1,1
X-52,全丰花灯,民俗,1,1,2006,江西省,1,1
X-53,泰山石敢当习俗,民俗,1,1,2006,山东省,1,1
X-54,民间社火,民俗,1,5,2006,山西省、广东省、新疆维吾尔自治区、河北省、河南省、辽宁省、陕西省,12,12
X-55,鄂尔多斯婚礼,民俗,1,2,2006,内蒙古自治区、吉林省,4,4
X-56,土族婚礼,民俗,1,1,2006,青海省,1,1
X-57,撒拉族婚礼,民俗,1,1,2006,青海省,1,1
X-58,马街书会,民俗,1,1,2006,河南省,1,1
X-59,胡集书会,民俗,1,1,2006,山东省,1,1
X-6,重阳节,民俗,1,3,2006,中直单位、山西省、河南省,3,3
X-60,安国药市,民俗,1,2,2006,江西省、河北省、河南省,4,4
X-61,壮族铜鼓习俗,民俗,1,1,2006,广西壮族自治区,1,1
X-62,楹联习俗,民俗,1,1,2006,中直单位,1,1
X-63,苏州甪直水乡妇女服饰,民俗,1,1,2006,江苏省,1,1
X-64,惠安女服饰,民俗,1,1,2006,福建省,1,1
X-65,苗族服饰(昌宁苗族服饰),民俗,1,2,2006,云南省、湖南省、贵州省,11,11
X-66,回族服饰,民俗,1,1,2006,宁夏回族自治区,1,1
X-67,瑶族服饰,民俗,1,4,2006,广西壮族自治区,3,3
X-68,农历二十四节气,民俗,1,5,2006,中直单位、广西壮族自治区、河南省、浙江省、湖南省、贵州省,12,12
X-69,女书习俗,民俗,1,1,2006,湖南省,1,1
X-7,京族哈节,民俗,1,1,2006,广西壮族自治区,1,1
X-70,水书习俗,民俗,1,1,2006,贵州省,1,1
X-71,元宵节,民俗,2,5,2008,上海市、中直单位、北京市、山东省、山西省、江西省、河北省、浙江省、湖北省、甘肃省、福建省、贵州省、辽宁省、陕西省、青海省、黑龙江省,27,27
X-72,渔民开洋、谢洋节,民俗,2,2,2008,山东省、浙江省,5,5
X-73,畲族三月三,民俗,2,2,2008,浙江省,1,1
X-74,宾阳炮龙节,民俗,2,2,2008,广西壮族自治区,1,1
X-75,苗族独木龙舟节,民俗,2,2,2008,贵州省,1,1
X-76,苗族跳花节,民俗,2,2,2008,贵州省,1,1
X-77,苗族四月八姑娘节,民俗,2,3,2008,湖南省,2,2
X-78,德昂族浇花节,民俗,2,2,2008,云南省,1,1
X-79,江孜达玛节,民俗,2,2,2008,西藏自治区,1,1
X-8,傣族泼水节,民俗,1,2,2006,云南省,2,2
X-80,塔塔尔族撒班节,民俗,2,3,2008,新疆维吾尔自治区,2,2
X-81,灯会(苇子灯阵),民俗,2,5,2008,四川省、安徽省、山东省、山西省、广东省、江西省、河北省、湖北省、福建省,10,10
X-82,羌年,民俗,2,2,2008,四川省,4,4
X-83,苗年,民俗,2,2,2008,贵州省,2,2
X-84,庙会(妙峰山庙会),民俗,2,5,2008,上海市、北京市、吉林省、安徽省、山东省、山西省、广东省、江苏省、江西省、河南省、浙江省、湖北省、湖南省、辽宁省、重庆市、陕西省、青海省,32,32
X-85,民间信俗(千童信子节),民俗,2,5,2008,上海市、云南省、内蒙古自治区、四川省、宁夏回族自治区、山东省、山西省、广东省、广西壮族自治区、河北省、河南省、浙江省、海南省、湖北省、澳门特别行政区、甘肃省、福建省、贵州省、辽宁省、陕西省、香港特别行政区,43,43
X-86,青海湖祭海,民俗,2,2,2008,青海省,1,1
X-87,抬阁(芯子、铁枝、飘色)(葛渔城重阁会),民俗,2,5,2008,云南省、内蒙古自治区、四川省、宁夏回族自治区、安徽省、山东省、山西省、广东省、江苏省、江西省、河北省、浙江省、湖南省、甘肃省、福建省、青海省,32,32
X-88,打铁花,民俗,2,5,2008,河北省、河南省,2,2
X-89,朝鲜族花甲礼,民俗,2,3,2008,吉林省、辽宁省、黑龙江省,3,3
X-9,锡伯族西迁节,民俗,1,1,2006,新疆维吾尔自治区,1,1
X-90,祭祖习俗(大槐树祭祖习俗),民俗,2,4,2008,四川省、安徽省、山西省、广东省、浙江省、福建省、陕西省,10,10
X-91,鄂温克驯鹿习俗,民俗,2,2,2008,内蒙古自治区,1,1
X-92,蒙古族养驼习俗,民俗,2,2,2008,内蒙古自治区,1,1
X-93,长白山采参习俗,民俗,2,2,2008,吉林省,1,1
X-94,查干淖尔冬捕习俗,民俗,2,2,2008,吉林省,1,1
X-95,蚕桑习俗(含山轧蚕花),民俗,2,2,2008,浙江省,2,2
X-96,洪洞走亲习俗,民俗,2,2,2008,山西省,1,1
X-97,蟳埔女习俗,民俗,2,2,2008,福建省,1,1
X-98,汉族传统婚俗(孝义贾家庄婚俗),民俗,2,2,2008,山西省、广东省、浙江省,3,3
X-99,朝鲜族传统婚礼,民俗,2,2,2008,吉林省,1,1
