subitem_id,project_code,project_code_raw,project_code_normalized,project_name,category,batch_no,publish_year,entry_type,region_raw,province,province_map_name,city_code,county_code,applicant_region_or_unit,protection_unit_raw,protection_unit_normalized,source_url,collected_at,raw_record_id,manual_review_status
subitem_12177,I-1,I-1,I-1,苗族古歌,民间文学,1,2006,new,贵州省黄平县,贵州省,贵州省,522600,522622,贵州省黄平县 <br /> <br /> 苗族分布在我国西南数省区,黄平县非物质文化遗产保护中心,黄平县非物质文化遗产保护中心,http://www.ihchina.cn/Article/Index/getProject.html?category_id=16&type=1&limit=100&p=1,2026-08-06T10:14:53+00:00,12177,
subitem_12178,I-1,I-1,I-1,苗族古歌,民间文学,1,2006,new,贵州省台江县,贵州省,贵州省,522600,522630,贵州省台江县 <br /> <br /> 苗族分布在我国西南数省区,台江县非物质文化遗产保护中心,台江县非物质文化遗产保护中心,http://www.ihchina.cn/Article/Index/getProject.html?category_id=16&type=1&limit=100&p=1,2026-08-06T10:14:53+00:00,12178,
subitem_12179,I-1,I-1,I-1,苗族古歌,民间文学,3,2011,extension,湖南省花垣县,湖南省,湖南省,433100,433124,"湖南省花垣县 <br /> <br /> 苗族古歌是苗族古老的口头文学形式,其内容包括开天辟地、战争迁徙、风俗习惯、生产劳动、神话传说、爱情故事、情歌礼辞、丧葬火把、苗医苗药以及天文哲学等",花垣县非物质文化遗产保护中心,花垣县非物质文化遗产保护中心,http://www.ihchina.cn/Article/Index/getProject.html?category_id=16&type=1&limit=100&p=1,2026-08-06T10:14:53+00:00,12179,
subitem_23632,I-1,I-1,I-1,苗族古歌(簪汪传),民间文学,5,2021,extension,贵州省贵阳市清镇市,贵州省,贵州省,520100,520181,贵州省贵阳市清镇市,清镇市文化馆,清镇市文化馆,http://www.ihchina.cn/Article/Index/getProject.html?category_id=16&type=1&limit=100&p=1,2026-08-06T10:14:53+00:00,23632,
subitem_12204,I-10,I-10,I-10,西施传说,民间文学,1,2006,new,浙江省诸暨市,浙江省,浙江省,330600,330681,"浙江省诸暨市 <br /> <br /> 西施居中国古代四大美女之首,是中国传统文化中美的象征",诸暨市博物馆,诸暨市博物馆,http://www.ihchina.cn/Article/Index/getProject.html?category_id=16&type=1&limit=100&p=1,2026-08-06T10:14:54+00:00,12204,
subitem_12343,I-100,I-100,I-100,王羲之传说,民间文学,3,2011,new,浙江省绍兴市,浙江省,浙江省,330600,,浙江省绍兴市 <br /> <br /> 王羲之是闻名中外的“书圣”,绍兴市文化馆、绍兴市非物质文化遗产保护中心,绍兴市文化馆、绍兴市非物质文化遗产保护中心,http://www.ihchina.cn/Article/Index/getProject.html?category_id=16&type=1&limit=100&p=2,2026-08-06T10:14:56+00:00,12343,
subitem_12344,I-101,I-101,I-101,李时珍传说,民间文学,3,2011,new,湖北省蕲春县,湖北省,湖北省,421100,421126,"湖北省蕲春县 <br /> <br /> 李时珍(1518—1593),明代著名医药家,湖北蕲州人,曾官楚王府奉祠正,太医院院判",蕲春县文化馆,蕲春县文化馆,http://www.ihchina.cn/Article/Index/getProject.html?category_id=16&type=1&limit=100&p=2,2026-08-06T10:14:56+00:00,12344,
subitem_12345,I-102,I-102,I-102,蔡伦造纸传说,民间文学,3,2011,new,陕西省汉中市,陕西省,陕西省,610700,,陕西省汉中市 <br /> <br /> 蔡伦造纸传说起源于2世纪初的东汉早期,汉中市民间文艺家协会,汉中市民间文艺家协会,http://www.ihchina.cn/Article/Index/getProject.html?category_id=16&type=1&limit=100&p=2,2026-08-06T10:14:56+00:00,12345,
subitem_12346,I-103,I-103,I-103,牡丹传说,民间文学,3,2011,new,山东省菏泽市牡丹区,山东省,山东省,371700,371702,"山东省菏泽市牡丹区 <br /> <br /> 菏泽古称曹州,菏泽牡丹又称曹州牡丹,其牡丹传说故事家喻户晓,流传至今",菏泽市牡丹区文化馆,菏泽市牡丹区文化馆,http://www.ihchina.cn/Article/Index/getProject.html?category_id=16&type=1&limit=100&p=2,2026-08-06T10:14:56+00:00,12346,
subitem_12347,I-104,I-104,I-104,泰山传说,民间文学,3,2011,new,山东省泰安市,山东省,山东省,370900,,"山东省泰安市 <br /> <br /> 泰山传说,是泰山周边人民千百年来集体创作的口头文学,历史悠久、题材多样、内容丰富、流传广泛",泰安市泰山风景名胜区管理委员会（泰山林场）,泰安市泰山风景名胜区管理委员会(泰山林场),http://www.ihchina.cn/Article/Index/getProject.html?category_id=16&type=1&limit=100&p=2,2026-08-06T10:14:56+00:00,12347,
subitem_12348,I-105,I-105,I-105,黄鹤楼传说,民间文学,3,2011,new,湖北省武汉市武昌区,湖北省,湖北省,420100,420106,湖北省武汉市武昌区 <br /> <br /> 黄鹤楼传说是以湖北省武汉市武昌蛇山黄鹤楼为故事发生地域或与其有关的传说组成,武汉市黄鹤楼公园管理处,武汉市黄鹤楼公园管理处,http://www.ihchina.cn/Article/Index/getProject.html?category_id=16&type=1&limit=100&p=2,2026-08-06T10:14:56+00:00,12348,
subitem_12349,I-106,I-106,I-106,烂柯山的传说,民间文学,3,2011,new,山西省陵川县,山西省,山西省,140500,140524,"山西省陵川县 <br /> <br /> 烂柯山的传说是一个古老的民间传说,在我国许多地方都有流传",陵川县文化馆（陵川县上党梆子传习所）,陵川县文化馆(陵川县上党梆子传习所),http://www.ihchina.cn/Article/Index/getProject.html?category_id=16&type=1&limit=100&p=2,2026-08-06T10:14:56+00:00,12349,
subitem_12350,I-106,I-106,I-106,烂柯山的传说,民间文学,3,2011,new,浙江省衢州市,浙江省,浙江省,330800,,"浙江省衢州市 <br /> <br /> 烂柯山的传说是一个古老的民间传说,在我国许多地方都有流传",衢州市文化馆（衢州市非物质文化遗产保护中心）,衢州市文化馆(衢州市非物质文化遗产保护中心),http://www.ihchina.cn/Article/Index/getProject.html?category_id=16&type=1&limit=100&p=2,2026-08-06T10:14:56+00:00,12350,
subitem_12351,I-107,I-107,I-107,珞巴族始祖传说,民间文学,3,2011,new,西藏自治区米林县,西藏自治区,西藏自治区,542600,542623,"西藏自治区米林县 <br /> <br /> 珞巴,藏语译音意为“南方人”",西藏林芝市米林县文化和旅游局,西藏林芝市米林县文化和旅游局,http://www.ihchina.cn/Article/Index/getProject.html?category_id=16&type=1&limit=100&p=2,2026-08-06T10:14:56+00:00,12351,
subitem_12352,I-108,I-108,I-108,阿尼玛卿雪山传说,民间文学,3,2011,new,青海省果洛藏族自治州,青海省,青海省,632600,,"青海省果洛藏族自治州 <br /> <br /> 阿尼玛卿雪山,藏语称“玛卿岗日”,海拔6282米,系昆仑山支脉,位于青海省果洛藏族自治州玛沁县西北部",果洛州文化馆（果洛州非物质文化遗产传承保护中心、果洛州群众体育指导服务中心）,果洛州文化馆(果洛州非物质文化遗产传承保护中心、果洛州群众体育指导服务中心),http://www.ihchina.cn/Article/Index/getProject.html?category_id=16&type=1&limit=100&p=2,2026-08-06T10:14:56+00:00,12352,
subitem_12353,I-109,I-109,I-109,锡伯族民间故事,民间文学,3,2011,new,辽宁省沈阳市,辽宁省,辽宁省,210100,,"辽宁省沈阳市 <br /> <br /> 以口头形态流传的锡伯族民间故事,是极其珍贵的民族非物质文化遗产",沈阳市于洪区文化旅游体育事务服务中心,沈阳市于洪区文化旅游体育事务服务中心,http://www.ihchina.cn/Article/Index/getProject.html?category_id=16&type=1&limit=100&p=2,2026-08-06T10:14:56+00:00,12353,
subitem_12205,I-11,I-11,I-11,济公传说,民间文学,1,2006,new,浙江省天台县,浙江省,浙江省,331000,331023,"浙江省天台县 <br /> <br /> 济公传说是以南宋禅宗高僧道济的故事发展演变而来的一种民间口头文学,以天台为中心分布于浙江省境内,并由此辐射全国,影响世界",台州市天台山文化研究会,台州市天台山文化研究会,http://www.ihchina.cn/Article/Index/getProject.html?category_id=16&type=1&limit=100&p=1,2026-08-06T10:14:54+00:00,12205,
subitem_12354,I-110,I-110,I-110,嘉黎民间故事,民间文学,3,2011,new,西藏自治区嘉黎县,西藏自治区,西藏自治区,542400,542422,"西藏自治区嘉黎县 <br /> <br /> 自古以来藏北儿女以其勤劳和智慧耕耘在这片高原上,创造了丰富多彩的民族民间文化艺术,而藏族游牧口头文学是其中最为灿烂的一页",西藏那曲市嘉黎县文化和旅游局,西藏那曲市嘉黎县文化和旅游局,http://www.ihchina.cn/Article/Index/getProject.html?category_id=16&type=1&limit=100&p=2,2026-08-06T10:14:56+00:00,12354,
subitem_12355,I-111,I-111,I-111,海洋动物故事,民间文学,3,2011,new,浙江省洞头县,浙江省,浙江省,330300,330322,"浙江省洞头县 <br /> <br /> 海洋动物故事,是以海洋动物为主人公的民间故事,在我国动物故事中是一个特殊的门类,独具特色",温州市洞头区民间文艺工作者协会,温州市洞头区民间文艺工作者协会,http://www.ihchina.cn/Article/Index/getProject.html?category_id=16&type=1&limit=100&p=2,2026-08-06T10:14:56+00:00,12355,
subitem_12356,I-112,I-112,I-112,土家族哭嫁歌,民间文学,3,2011,new,湖南省古丈县,湖南省,湖南省,433100,433126,"湖南省永顺县 <br /> <br /> 土家族哭嫁歌,是土家族妇女在婚礼仪式中演唱的一种叙事加抒情的长歌",古丈县非物质文化遗产保护中心,古丈县非物质文化遗产保护中心,http://www.ihchina.cn/Article/Index/getProject.html?category_id=16&type=1&limit=100&p=2,2026-08-06T10:14:56+00:00,12356,
subitem_12357,I-112,I-112,I-112,土家族哭嫁歌,民间文学,3,2011,new,湖南省永顺县,湖南省,湖南省,433100,433127,"湖南省永顺县 <br /> <br /> 湘西土家族哭嫁歌是以土家语言演唱的长篇民间叙事歌谣,主要流布于云贵高原余脉武陵山区、湘、鄂、渝、黔等省市土家族聚居地",永顺县非物质文化遗产保护中心,永顺县非物质文化遗产保护中心,http://www.ihchina.cn/Article/Index/getProject.html?category_id=16&type=1&limit=100&p=2,2026-08-06T10:14:56+00:00,12357,
subitem_12358,I-113,I-113,I-113,坡芽情歌,民间文学,3,2011,new,云南省富宁县,云南省,云南省,532600,532628,"云南省富宁县 <br /> <br /> 坡芽情歌是一部由81个图画符号记录在土布上的爱情民歌集,壮族语称“布瓦吩”,意为“把花纹图案画在土布上的山歌”(现在当地群众称其为“坡芽歌书”),主要流传于以云南省富宁县的六益、者宁,归朝的那贯、老街三寨,者桑乡的百比,以及花甲乡等地的壮族村寨,而以剥隘镇坡芽村为中心",富宁县文化馆,富宁县文化馆,http://www.ihchina.cn/Article/Index/getProject.html?category_id=16&type=1&limit=100&p=2,2026-08-06T10:14:56+00:00,12358,
subitem_12359,I-114,I-114,I-114,祝赞词,民间文学,3,2011,new,内蒙古自治区东乌珠穆沁旗,内蒙古自治区,内蒙古自治区,152500,152525,"内蒙古自治区东乌珠穆沁旗 <br /> <br /> 祝赞词(伊茹勒)是蒙古族日常生活中的一项重要礼仪,但并非一定要在隆重的场合才使用,即使在一般交往中,彼此问候,并相互致以美好祝愿,也是蒙古人的日常礼仪",东乌珠穆沁旗文化馆,东乌珠穆沁旗文化馆,http://www.ihchina.cn/Article/Index/getProject.html?category_id=16&type=1&limit=100&p=2,2026-08-06T10:14:56+00:00,12359,
subitem_12360,I-114,I-114,I-114,祝赞词,民间文学,3,2011,new,新疆维吾尔自治区博湖县,新疆维吾尔自治区,新疆维吾尔自治区,652800,652829,新疆维吾尔自治区博湖县 <br /> <br /> 新疆蒙古族祝赞词是蒙古族民间文学所特有的“礼俗文学”,博湖县非物质文化遗产保护中心,博湖县非物质文化遗产保护中心,http://www.ihchina.cn/Article/Index/getProject.html?category_id=16&type=1&limit=100&p=2,2026-08-06T10:14:56+00:00,12360,
subitem_12361,I-114,I-114,I-114,祝赞词,民间文学,3,2011,new,新疆维吾尔自治区和布克赛尔蒙古自治县,新疆维吾尔自治区,新疆维吾尔自治区,654200,654226,新疆维吾尔自治区和布克赛尔蒙古自治县 <br /> <br /> 祝赞词是我国北方蒙古游牧民族传统的民间文学形式,和布克赛尔蒙古自治县非物质文化遗产保护中心,和布克赛尔蒙古自治县非物质文化遗产保护中心,http://www.ihchina.cn/Article/Index/getProject.html?category_id=16&type=1&limit=100&p=2,2026-08-06T10:14:56+00:00,12361,
subitem_23639,I-114,I-114,I-114,祝赞词(肃北蒙古族祝赞词),民间文学,5,2021,extension,甘肃省酒泉市肃北蒙古族自治县,甘肃省,甘肃省,620900,620923,甘肃省酒泉市肃北蒙古族自治县,肃北蒙古族自治县文化馆,肃北蒙古族自治县文化馆,http://www.ihchina.cn/Article/Index/getProject.html?category_id=16&type=1&limit=100&p=2,2026-08-06T10:14:56+00:00,23639,
subitem_12362,I-115,I-115,I-115,黑暗传,民间文学,3,2011,new,湖北省保康县,湖北省,湖北省,420600,420626,湖北省保康县 <br /> <br /> 保康县地处湖北省西北部荆山山脉腹地,保康县文化馆,保康县文化馆,http://www.ihchina.cn/Article/Index/getProject.html?category_id=16&type=1&limit=100&p=2,2026-08-06T10:14:56+00:00,12362,
subitem_12363,I-115,I-115,I-115,黑暗传,民间文学,3,2011,new,湖北省神农架林区,湖北省,湖北省,429021,,"湖北省神农架林区 <br /> <br /> 《黑暗传》是一部神话历史叙事长诗,主要流传于湖北省的神农架林区、房县、保康以及四川巫山等地",神农架林区群众艺术馆,神农架林区群众艺术馆,http://www.ihchina.cn/Article/Index/getProject.html?category_id=16&type=1&limit=100&p=2,2026-08-06T10:14:56+00:00,12363,
subitem_12364,I-116,I-116,I-116,陶克陶胡,民间文学,3,2011,new,吉林省前郭尔罗斯蒙古族自治县,吉林省,吉林省,220700,220721,"吉林省前郭尔罗斯蒙古族自治县 <br /> <br /> 《陶克陶胡》是产生于19世纪初的一种蒙古族说唱体民间文学,是民间艺人根据真人真事创编,以蒙古族长篇叙事琴书,即乌力格尔说唱为主,以民歌和多种传说、故事为内容的文学版本,至今仍在蒙古族聚居地区广为流传",前郭尔罗斯蒙古族自治县文化工作总站（前郭县非物质文化遗产保护中心）,前郭尔罗斯蒙古族自治县文化工作总站(前郭县非物质文化遗产保护中心),http://www.ihchina.cn/Article/Index/getProject.html?category_id=16&type=1&limit=100&p=2,2026-08-06T10:14:56+00:00,12364,
subitem_12365,I-117,I-117,I-117,密洛陀,民间文学,3,2011,new,广西壮族自治区都安瑶族自治县,广西壮族自治区,广西壮族自治区,451200,451228,广西壮族自治区都安瑶族自治县 <br /> <br /> 《密洛陀》是瑶族(布努瑶)的一部创世史诗,都安瑶族自治县文化馆,都安瑶族自治县文化馆,http://www.ihchina.cn/Article/Index/getProject.html?category_id=16&type=1&limit=100&p=2,2026-08-06T10:14:56+00:00,12365,
subitem_12366,I-118,I-118,I-118,亚鲁王,民间文学,3,2011,new,贵州省紫云苗族布依族自治县,贵州省,贵州省,520400,520425,"贵州省紫云苗族布依族自治县 <br /> <br /> 《亚鲁王》是苗族的一部英雄史诗,长约两万六千余行,涉及古代人物一万余人,四百余个古苗语地名,二十余个古战场的细腻描述,至今口头传承于麻山苗族地区的三千多名歌师中",紫云苗族布依族自治县亚鲁王文化研究中心,紫云苗族布依族自治县亚鲁王文化研究中心,http://www.ihchina.cn/Article/Index/getProject.html?category_id=16&type=1&limit=100&p=2,2026-08-06T10:14:56+00:00,12366,
subitem_12367,I-119,I-119,I-119,目瑙斋瓦,民间文学,3,2011,new,云南省德宏傣族景颇族自治州,云南省,云南省,533100,,云南省德宏傣族景颇族自治州 <br /> <br /> 《目瑙斋瓦》是景颇族的创世史诗,德宏州文化馆,德宏州文化馆,http://www.ihchina.cn/Article/Index/getProject.html?category_id=16&type=1&limit=100&p=2,2026-08-06T10:14:56+00:00,12367,
subitem_12206,I-12,I-12,I-12,满族说部,民间文学,1,2006,new,吉林省,吉林省,吉林省,,,"吉林省 <br /> <br /> 吉林省东南部的长白山是满族的发祥地,满族先民自古就在这片广袤、美丽而神奇的沃土上繁衍生息",吉林省艺术研究院（吉林省文化行业特有工种职业技能鉴定站、吉林省东北二人转博物馆、吉林省非物质文化遗产保护中心）,吉林省艺术研究院(吉林省文化行业特有工种职业技能鉴定站、吉林省东北二人转博物馆、吉林省非物质文化遗产保护中心),http://www.ihchina.cn/Article/Index/getProject.html?category_id=16&type=1&limit=100&p=1,2026-08-06T10:14:54+00:00,12206,
subitem_23633,I-12,I-12,I-12,满族说部(孙吴县满语故事),民间文学,5,2021,extension,黑龙江省黑河市孙吴县,黑龙江省,黑龙江省,231100,231124,黑龙江省黑河市孙吴县,孙吴县文化馆,孙吴县文化馆,http://www.ihchina.cn/Article/Index/getProject.html?category_id=16&type=1&limit=100&p=1,2026-08-06T10:14:54+00:00,23633,
subitem_12368,I-120,I-120,I-120,洛奇洛耶与扎斯扎依,民间文学,3,2011,new,云南省墨江哈尼族自治县,云南省,云南省,530800,530822,"云南省墨江哈尼族自治县 <br /> <br /> 叙事长诗《洛奇洛耶与扎斯扎依》是哈尼族碧约人口传叙事长诗,流传于云南省滇南的哈尼族聚居地区,主要在普洱市墨江哈尼族自治县、江城哈尼族彝族自治县、宁洱哈尼族彝族自治县及红河州、玉溪市的哈尼族碧约人支系聚居的村寨中",墨江哈尼族自治县文化馆,墨江哈尼族自治县文化馆,http://www.ihchina.cn/Article/Index/getProject.html?category_id=16&type=1&limit=100&p=2,2026-08-06T10:14:56+00:00,12368,
subitem_12369,I-121,I-121,I-121,阿细先基,民间文学,3,2011,new,云南省弥勒县,云南省,云南省,532500,532504,"云南省弥勒县 <br /> <br /> 《阿细先基》,又名《阿细人的歌》,是彝族支系阿细人的创世史诗,口头流传于云南省弥勒县西山地区的阿细人聚居地",弥勒市文化馆,弥勒市文化馆,http://www.ihchina.cn/Article/Index/getProject.html?category_id=16&type=1&limit=100&p=2,2026-08-06T10:14:56+00:00,12369,
subitem_12370,I-122,I-122,I-122,羌戈大战,民间文学,3,2011,new,四川省汶川县,四川省,四川省,513200,513221,四川省汶川县 <br /> <br /> 羌族是我国最为古老的民族之一,汶川县文化馆,汶川县文化馆,http://www.ihchina.cn/Article/Index/getProject.html?category_id=16&type=1&limit=100&p=3,2026-08-06T10:14:57+00:00,12370,
subitem_12371,I-123,I-123,I-123,恰克恰克,民间文学,3,2011,new,新疆维吾尔自治区伊宁市,新疆维吾尔自治区,新疆维吾尔自治区,654000,654002,"新疆维吾尔自治区伊宁市 <br /> <br /> 维吾尔族“恰克恰克”,翻译成汉语为“笑话”,源于维吾尔族人民的生活习俗,是维吾尔族民间口头的一种讽刺文学形式,多在麦西莱甫、喜庆婚礼、朋友聚会、相互聊天、节庆假日等场合说趣",伊宁市文化馆,伊宁市文化馆,http://www.ihchina.cn/Article/Index/getProject.html?category_id=16&type=1&limit=100&p=3,2026-08-06T10:14:57+00:00,12371,
subitem_12372,I-124,I-124,I-124,酉阳古歌,民间文学,3,2011,new,重庆市酉阳土家族苗族自治县,重庆市,重庆市,500100,500242,"重庆市酉阳土家族苗族自治县 <br /> <br /> 酉阳古歌是巫傩师在祭祖崇拜,祈求丰产和驱邪还愿活动中吟诵的诗文,流传于地处湘、鄂、渝、黔交界处的重庆酉阳土家族苗族自治县,是南方古文化在武陵山区延续和衍变的产物",酉阳土家族苗族自治县文化馆（酉阳土家族苗族自治县文化生态保护中心、酉阳土家族苗族自治县非物质文化遗产保护中心）,酉阳土家族苗族自治县文化馆(酉阳土家族苗族自治县文化生态保护中心、酉阳土家族苗族自治县非物质文化遗产保护中心),http://www.ihchina.cn/Article/Index/getProject.html?category_id=16&type=1&limit=100&p=3,2026-08-06T10:14:57+00:00,12372,
subitem_12373,I-125,I-125,I-125,谚语(沪谚),民间文学,3,2011,new,上海市闵行区,上海市,上海市,310100,310112,上海市闵行区 <br /> <br /> 沪谚是我国几大著名的方言谚语之一,上海市闵行区浦江镇文化体育事业发展中心,上海市闵行区浦江镇文化体育事业发展中心,http://www.ihchina.cn/Article/Index/getProject.html?category_id=16&type=1&limit=100&p=3,2026-08-06T10:14:57+00:00,12373,
subitem_12374,I-125,I-125,I-125,谚语(陕北民谚),民间文学,4,2014,extension,陕西省榆林市,陕西省,陕西省,610800,,陕西省榆林市,榆林市公共文化服务中心（榆林市博物馆、榆林市图书馆、榆林市文化馆）,榆林市公共文化服务中心(榆林市博物馆、榆林市图书馆、榆林市文化馆),http://www.ihchina.cn/Article/Index/getProject.html?category_id=16&type=1&limit=100&p=3,2026-08-06T10:14:57+00:00,12374,
subitem_23640,I-125,I-125,I-125,谚语(哈萨克族谚语),民间文学,5,2021,extension,新疆维吾尔自治区伊犁哈萨克自治州特克斯县,新疆维吾尔自治区,新疆维吾尔自治区,654000,654027,新疆维吾尔自治区伊犁哈萨克自治州特克斯县,特克斯县文化馆,特克斯县文化馆,http://www.ihchina.cn/Article/Index/getProject.html?category_id=16&type=1&limit=100&p=3,2026-08-06T10:14:57+00:00,23640,
subitem_12375,I-126,I-126,I-126,卢沟桥传说,民间文学,4,2014,new,北京市丰台区,北京市,北京市,110100,110106,北京市丰台区,北京市丰台区文化馆,北京市丰台区文化馆,http://www.ihchina.cn/Article/Index/getProject.html?category_id=16&type=1&limit=100&p=3,2026-08-06T10:14:57+00:00,12375,
subitem_12376,I-127,I-127,I-127,鬼谷子传说,民间文学,4,2014,new,河北省临漳县,河北省,河北省,130400,130423,河北省临漳县,临漳县文化馆,临漳县文化馆,http://www.ihchina.cn/Article/Index/getProject.html?category_id=16&type=1&limit=100&p=3,2026-08-06T10:14:57+00:00,12376,
subitem_12377,I-128,I-128,I-128,东海孝妇传说,民间文学,4,2014,new,江苏省连云港市,江苏省,江苏省,320700,,江苏省连云港市,连云港市孝文化研究会,连云港市孝文化研究会,http://www.ihchina.cn/Article/Index/getProject.html?category_id=16&type=1&limit=100&p=3,2026-08-06T10:14:57+00:00,12377,
subitem_12378,I-129,I-129,I-129,刘阮传说,民间文学,4,2014,new,浙江省天台县,浙江省,浙江省,331000,331023,浙江省天台县,台州市天台山文化研究会,台州市天台山文化研究会,http://www.ihchina.cn/Article/Index/getProject.html?category_id=16&type=1&limit=100&p=3,2026-08-06T10:14:57+00:00,12378,
subitem_12207,I-13,I-13,I-13,河西宝卷,民间文学,1,2006,new,甘肃省武威市凉州区,甘肃省,甘肃省,620600,620602,"甘肃省武威市凉州区 <br /> <br /> 河西宝卷主要流传于甘肃省河西走廊一带,这是我国至今仍有讲唱活动的少数地区之一",凉州区文化馆,凉州区文化馆,http://www.ihchina.cn/Article/Index/getProject.html?category_id=16&type=1&limit=100&p=1,2026-08-06T10:14:54+00:00,12207,
subitem_12208,I-13,I-13,I-13,河西宝卷,民间文学,1,2006,new,甘肃省酒泉市肃州区,甘肃省,甘肃省,620900,620902,"甘肃省酒泉市肃州区 <br /> <br /> 河西宝卷主要流传于甘肃省河西走廊一带,这是我国至今仍有讲唱活动的少数地区之一",肃州区文化馆,肃州区文化馆,http://www.ihchina.cn/Article/Index/getProject.html?category_id=16&type=1&limit=100&p=1,2026-08-06T10:14:54+00:00,12208,
subitem_12209,I-13,I-13,I-13,宝卷(靖江宝卷),民间文学,2,2008,extension,江苏省靖江市,江苏省,江苏省,321200,321282,"江苏省靖江市 <br /> <br /> 宝卷是由唐代变文和宋代说经演化而成的一种俗讲文本,明清以来包容进了大量的民间传说、民歌民谣和社会风俗内容,成为亦圣亦俗、亦庄亦谐、叙事为主、韵散结合的民间文学文体",靖江市文化馆,靖江市文化馆,http://www.ihchina.cn/Article/Index/getProject.html?category_id=16&type=1&limit=100&p=1,2026-08-06T10:14:54+00:00,12209,
subitem_12210,I-13,I-13,I-13,宝卷(河西宝卷),民间文学,2,2008,extension,甘肃省张掖市,甘肃省,甘肃省,620700,,"甘肃省张掖市 <br /> <br /> 河西宝卷是流传于甘肃省河西地区的一种民间说唱文学,由唐代敦煌变文、俗讲及宋代说经演变而来,在甘肃河西走廊一带的农村中广为流传",张掖市文化馆（张掖市非物质文化遗产传承保护中心）,张掖市文化馆(张掖市非物质文化遗产传承保护中心),http://www.ihchina.cn/Article/Index/getProject.html?category_id=16&type=1&limit=100&p=1,2026-08-06T10:14:54+00:00,12210,
subitem_12211,I-13,I-13,I-13,宝卷(吴地宝卷),民间文学,4,2014,extension,江苏省苏州市,江苏省,江苏省,320500,,江苏省苏州市,苏州市非物质文化遗产保护管理办公室（苏州市文化研究中心）,苏州市非物质文化遗产保护管理办公室(苏州市文化研究中心),http://www.ihchina.cn/Article/Index/getProject.html?category_id=16&type=1&limit=100&p=1,2026-08-06T10:14:54+00:00,12211,
subitem_23634,I-13,I-13,I-13,宝卷(岷县宝卷),民间文学,5,2021,extension,甘肃省定西市岷县,甘肃省,甘肃省,621100,621126,甘肃省定西市岷县,岷县文化馆,岷县文化馆,http://www.ihchina.cn/Article/Index/getProject.html?category_id=16&type=1&limit=100&p=1,2026-08-06T10:14:54+00:00,23634,
subitem_12379,I-130,I-130,I-130,孔雀东南飞传说,民间文学,4,2014,new,安徽省怀宁县,安徽省,安徽省,340800,340822,安徽省怀宁县,怀宁县文化馆,怀宁县文化馆,http://www.ihchina.cn/Article/Index/getProject.html?category_id=16&type=1&limit=100&p=3,2026-08-06T10:14:57+00:00,12379,
subitem_12380,I-130,I-130,I-130,孔雀东南飞传说,民间文学,4,2014,new,安徽省潜山县,安徽省,安徽省,340800,340824,安徽省潜山县,潜山市文化馆,潜山市文化馆,http://www.ihchina.cn/Article/Index/getProject.html?category_id=16&type=1&limit=100&p=3,2026-08-06T10:14:57+00:00,12380,
subitem_12381,I-131,I-131,I-131,老子传说,民间文学,4,2014,new,安徽省涡阳县,安徽省,安徽省,341600,341621,安徽省涡阳县,涡阳县文化馆,涡阳县文化馆,http://www.ihchina.cn/Article/Index/getProject.html?category_id=16&type=1&limit=100&p=3,2026-08-06T10:14:57+00:00,12381,
subitem_12382,I-131,I-131,I-131,老子传说,民间文学,4,2014,new,河南省灵宝市,河南省,河南省,411200,411282,河南省灵宝市,灵宝市文化馆,灵宝市文化馆,http://www.ihchina.cn/Article/Index/getProject.html?category_id=16&type=1&limit=100&p=3,2026-08-06T10:14:57+00:00,12382,
subitem_12383,I-132,I-132,I-132,陈三五娘传说,民间文学,4,2014,new,福建省泉州市洛江区,福建省,福建省,350500,350504,福建省泉州市洛江区,泉州市洛江区文化馆,泉州市洛江区文化馆,http://www.ihchina.cn/Article/Index/getProject.html?category_id=16&type=1&limit=100&p=3,2026-08-06T10:14:57+00:00,12383,
subitem_12384,I-133,I-133,I-133,胡峄阳传说,民间文学,4,2014,new,山东省青岛市城阳区,山东省,山东省,370200,370214,山东省青岛市城阳区,青岛城阳流亭峄阳文化园,青岛城阳流亭峄阳文化园,http://www.ihchina.cn/Article/Index/getProject.html?category_id=16&type=1&limit=100&p=3,2026-08-06T10:14:57+00:00,12384,
subitem_12385,I-134,I-134,I-134,孟母教子传说,民间文学,4,2014,new,山东省邹城市,山东省,山东省,370800,370883,山东省邹城市,邹城市文化旅游公共服务中心（邹城市图书馆、邹城市文化馆）,邹城市文化旅游公共服务中心(邹城市图书馆、邹城市文化馆),http://www.ihchina.cn/Article/Index/getProject.html?category_id=16&type=1&limit=100&p=3,2026-08-06T10:14:57+00:00,12385,
subitem_12386,I-135,I-135,I-135,河图洛书传说,民间文学,4,2014,new,河南省洛阳市,河南省,河南省,410300,,河南省洛阳市,洛阳市文化馆（洛阳市非物质文化遗产保护中心）,洛阳市文化馆(洛阳市非物质文化遗产保护中心),http://www.ihchina.cn/Article/Index/getProject.html?category_id=16&type=1&limit=100&p=3,2026-08-06T10:14:57+00:00,12386,
subitem_12387,I-136,I-136,I-136,杞人忧天传说,民间文学,4,2014,new,河南省杞县,河南省,河南省,410200,410221,河南省杞县,杞县人民文化馆（杞县送戏下乡艺术团）,杞县人民文化馆(杞县送戏下乡艺术团),http://www.ihchina.cn/Article/Index/getProject.html?category_id=16&type=1&limit=100&p=3,2026-08-06T10:14:57+00:00,12387,
subitem_12388,I-137,I-137,I-137,三国传说,民间文学,4,2014,new,湖北省,湖北省,湖北省,,,湖北省,湖北省群众艺术馆（湖北省非物质文化遗产保护中心）,湖北省群众艺术馆(湖北省非物质文化遗产保护中心),http://www.ihchina.cn/Article/Index/getProject.html?category_id=16&type=1&limit=100&p=3,2026-08-06T10:14:57+00:00,12388,
subitem_12389,I-138,I-138,I-138,伯牙子期传说,民间文学,4,2014,new,湖北省武汉市,湖北省,湖北省,420100,,湖北省武汉市,武汉市群众艺术馆,武汉市群众艺术馆,http://www.ihchina.cn/Article/Index/getProject.html?category_id=16&type=1&limit=100&p=3,2026-08-06T10:14:57+00:00,12389,
subitem_12390,I-139,I-139,I-139,尹吉甫传说,民间文学,4,2014,new,湖北省房县,湖北省,湖北省,420300,420325,湖北省房县,房县文化馆,房县文化馆,http://www.ihchina.cn/Article/Index/getProject.html?category_id=16&type=1&limit=100&p=3,2026-08-06T10:14:57+00:00,12390,
subitem_12212,I-14,I-14,I-14,耿村民间故事,民间文学,1,2006,new,河北省藁城市,河北省,河北省,130100,130182,"河北省藁城市 <br /> <br /> 耿村隶属河北省藁城市常安镇,西距藁城市12公里,古属中山国",石家庄市藁城区文化馆,石家庄市藁城区文化馆,http://www.ihchina.cn/Article/Index/getProject.html?category_id=16&type=1&limit=100&p=1,2026-08-06T10:14:54+00:00,12212,
subitem_12391,I-140,I-140,I-140,苏仙传说,民间文学,4,2014,new,湖南省郴州市苏仙区,湖南省,湖南省,431000,431003,湖南省郴州市苏仙区,郴州市苏仙区文化馆,郴州市苏仙区文化馆,http://www.ihchina.cn/Article/Index/getProject.html?category_id=16&type=1&limit=100&p=3,2026-08-06T10:14:57+00:00,12391,
subitem_12392,I-141,I-141,I-141,毕阿史拉则传说,民间文学,4,2014,new,四川省金阳县,四川省,四川省,513400,513430,四川省金阳县,金阳县文化馆,金阳县文化馆,http://www.ihchina.cn/Article/Index/getProject.html?category_id=16&type=1&limit=100&p=3,2026-08-06T10:14:57+00:00,12392,
subitem_12393,I-142,I-142,I-142,仓颉传说,民间文学,4,2014,new,陕西省白水县,陕西省,陕西省,610500,610527,陕西省白水县,白水县文化馆,白水县文化馆,http://www.ihchina.cn/Article/Index/getProject.html?category_id=16&type=1&limit=100&p=3,2026-08-06T10:14:57+00:00,12393,
subitem_12394,I-142,I-142,I-142,仓颉传说,民间文学,4,2014,new,陕西省洛南县,陕西省,陕西省,611000,611021,陕西省洛南县,洛南县文化馆,洛南县文化馆,http://www.ihchina.cn/Article/Index/getProject.html?category_id=16&type=1&limit=100&p=3,2026-08-06T10:14:57+00:00,12394,
subitem_12395,I-143,I-143,I-143,骆驼泉传说,民间文学,4,2014,new,青海省循化撒拉族自治县,青海省,青海省,630200,630225,青海省循化撒拉族自治县,循化撒拉族自治县文化馆,循化撒拉族自治县文化馆,http://www.ihchina.cn/Article/Index/getProject.html?category_id=16&type=1&limit=100&p=3,2026-08-06T10:14:57+00:00,12395,
subitem_12396,I-144,I-144,I-144,回族民间故事,民间文学,4,2014,new,宁夏回族自治区泾源县,宁夏回族自治区,宁夏回族自治区,640400,640424,宁夏回族自治区泾源县,泾源县文化馆,泾源县文化馆,http://www.ihchina.cn/Article/Index/getProject.html?category_id=16&type=1&limit=100&p=3,2026-08-06T10:14:57+00:00,12396,
subitem_12397,I-145,I-145,I-145,广禅侯故事,民间文学,4,2014,new,山西省阳城县,山西省,山西省,140500,140522,山西省阳城县,阳城县文化馆,阳城县文化馆,http://www.ihchina.cn/Article/Index/getProject.html?category_id=16&type=1&limit=100&p=3,2026-08-06T10:14:57+00:00,12397,
subitem_12398,I-146,I-146,I-146,解缙故事,民间文学,4,2014,new,江西省吉水县,江西省,江西省,360800,360822,江西省吉水县,吉水县文化馆,吉水县文化馆,http://www.ihchina.cn/Article/Index/getProject.html?category_id=16&type=1&limit=100&p=3,2026-08-06T10:14:57+00:00,12398,
subitem_12399,I-147,I-147,I-147,壮族百鸟衣故事,民间文学,4,2014,new,广西壮族自治区横县,广西壮族自治区,广西壮族自治区,450100,450127,广西壮族自治区横县,横县文化馆（横县非物质文化遗产保护中心）,横县文化馆(横县非物质文化遗产保护中心),http://www.ihchina.cn/Article/Index/getProject.html?category_id=16&type=1&limit=100&p=3,2026-08-06T10:14:57+00:00,12399,
subitem_12400,I-148,I-148,I-148,阿凡提故事,民间文学,4,2014,new,新疆维吾尔自治区喀什地区,新疆维吾尔自治区,新疆维吾尔自治区,653100,,新疆维吾尔自治区喀什地区,喀什地区文化馆,喀什地区文化馆,http://www.ihchina.cn/Article/Index/getProject.html?category_id=16&type=1&limit=100&p=3,2026-08-06T10:14:57+00:00,12400,
subitem_12401,I-149,I-149,I-149,广阳镇民间故事,民间文学,4,2014,new,重庆市南岸区,重庆市,重庆市,500100,500108,重庆市南岸区,重庆市南岸区文化馆,重庆市南岸区文化馆,http://www.ihchina.cn/Article/Index/getProject.html?category_id=16&type=1&limit=100&p=3,2026-08-06T10:14:57+00:00,12401,
subitem_12213,I-15,I-15,I-15,伍家沟民间故事,民间文学,1,2006,new,湖北省丹江口市,湖北省,湖北省,420300,420381,"湖北省丹江口市 <br /> <br /> 伍家沟村系湖北省丹江口市西部六里坪镇的一个行政村落,毗邻丹江库区,素有“九沟十八洼,一百单八岔,岔岔有人家”之说",丹江口市文化馆,丹江口市文化馆,http://www.ihchina.cn/Article/Index/getProject.html?category_id=16&type=1&limit=100&p=1,2026-08-06T10:14:54+00:00,12213,
subitem_12402,I-150,I-150,I-150,西王母神话,民间文学,4,2014,new,新疆维吾尔自治区阜康市,新疆维吾尔自治区,新疆维吾尔自治区,652300,652302,新疆维吾尔自治区阜康市,新疆天池管理委员会（新疆天山天池风景名胜区管理委员会、新疆天池博格达峰自然保护区管理局）,新疆天池管理委员会(新疆天山天池风景名胜区管理委员会、新疆天池博格达峰自然保护区管理局),http://www.ihchina.cn/Article/Index/getProject.html?category_id=16&type=1&limit=100&p=3,2026-08-06T10:14:57+00:00,12402,
subitem_12403,I-151,I-151,I-151,盘王大歌,民间文学,4,2014,new,湖南省江华瑶族自治县,湖南省,湖南省,431100,431129,湖南省江华瑶族自治县,江华瑶族自治县文化馆,江华瑶族自治县文化馆,http://www.ihchina.cn/Article/Index/getProject.html?category_id=16&type=1&limit=100&p=3,2026-08-06T10:14:57+00:00,12403,
subitem_12404,I-152,I-152,I-152,玛牧,民间文学,4,2014,new,四川省喜德县,四川省,四川省,513400,513432,四川省喜德县,喜德县文化馆（喜德县美术馆）,喜德县文化馆(喜德县美术馆),http://www.ihchina.cn/Article/Index/getProject.html?category_id=16&type=1&limit=100&p=3,2026-08-06T10:14:57+00:00,12404,
subitem_12405,I-153,I-153,I-153,黑白战争,民间文学,4,2014,new,云南省丽江市古城区,云南省,云南省,530700,530702,云南省丽江市古城区,古城区非物质文化遗产保护管理中心,古城区非物质文化遗产保护管理中心,http://www.ihchina.cn/Article/Index/getProject.html?category_id=16&type=1&limit=100&p=3,2026-08-06T10:14:57+00:00,12405,
subitem_12406,I-154,I-154,I-154,祁家延西,民间文学,4,2014,new,青海省互助土族自治县,青海省,青海省,630200,630223,青海省互助土族自治县,互助土族自治县文化馆,互助土族自治县文化馆,http://www.ihchina.cn/Article/Index/getProject.html?category_id=16&type=1&limit=100&p=3,2026-08-06T10:14:57+00:00,12406,
subitem_12407,I-155,I-155,I-155,常山喝彩歌谣,民间文学,4,2014,new,浙江省常山县,浙江省,浙江省,330800,330822,浙江省常山县,常山县文化馆,常山县文化馆,http://www.ihchina.cn/Article/Index/getProject.html?category_id=16&type=1&limit=100&p=3,2026-08-06T10:14:57+00:00,12407,
subitem_23436,I-156,I-156,I-156,八大处传说,民间文学,5,2021,new,北京市石景山区,北京市,北京市,110100,110107,北京市石景山区,北京市八大处公园管理处,北京市八大处公园管理处,http://www.ihchina.cn/Article/Index/getProject.html?category_id=16&type=1&limit=100&p=3,2026-08-06T10:14:57+00:00,23436,
subitem_23437,I-157,I-157,I-157,玄奘传说,民间文学,5,2021,new,河南省洛阳市偃师区,河南省,河南省,410300,410381,河南省洛阳市偃师区,洛阳市偃师区人民文化馆,洛阳市偃师区人民文化馆,http://www.ihchina.cn/Article/Index/getProject.html?category_id=16&type=1&limit=100&p=3,2026-08-06T10:14:57+00:00,23437,
subitem_23438,I-158,I-158,I-158,女娲传说,民间文学,5,2021,new,湖北省十堰市竹山县,湖北省,湖北省,420300,420323,湖北省十堰市竹山县,竹山县文化馆,竹山县文化馆,http://www.ihchina.cn/Article/Index/getProject.html?category_id=16&type=1&limit=100&p=3,2026-08-06T10:14:57+00:00,23438,
subitem_23439,I-159,I-159,I-159,老司城传说,民间文学,5,2021,new,湖南省湘西土家族苗族自治州永顺县,湖南省,湖南省,433100,433127,湖南省湘西土家族苗族自治州永顺县,永顺县非物质文化遗产保护中心,永顺县非物质文化遗产保护中心,http://www.ihchina.cn/Article/Index/getProject.html?category_id=16&type=1&limit=100&p=3,2026-08-06T10:14:57+00:00,23439,
subitem_12214,I-16,I-16,I-16,下堡坪民间故事,民间文学,1,2006,new,湖北省宜昌市夷陵区,湖北省,湖北省,420500,420506,"湖北省宜昌市夷陵区 <br /> <br /> 湖北省宜昌市夷陵区下堡坪乡位于长江西陵峡北岸的崇山峻岭间,自古以来,这里富庶稳定,教育文化事业相对兴旺,但交通却十分不便",宜昌市夷陵区文化馆,宜昌市夷陵区文化馆,http://www.ihchina.cn/Article/Index/getProject.html?category_id=16&type=1&limit=100&p=1,2026-08-06T10:14:54+00:00,12214,
subitem_23440,I-160,I-160,I-160,珠玑巷人南迁传说,民间文学,5,2021,new,广东省韶关市南雄市,广东省,广东省,440200,440282,广东省韶关市南雄市,南雄市非物质文化遗产传承保护中心,南雄市非物质文化遗产传承保护中心,http://www.ihchina.cn/Article/Index/getProject.html?category_id=16&type=1&limit=100&p=3,2026-08-06T10:14:57+00:00,23440,
subitem_23441,I-161,I-161,I-161,张骞传说,民间文学,5,2021,new,陕西省汉中市城固县,陕西省,陕西省,610700,610722,陕西省汉中市城固县,城固县文化馆,城固县文化馆,http://www.ihchina.cn/Article/Index/getProject.html?category_id=16&type=1&limit=100&p=3,2026-08-06T10:14:57+00:00,23441,
subitem_23442,I-162,I-162,I-162,藏族民间传说(年保玉则传说),民间文学,5,2021,new,青海省果洛藏族自治州久治县,青海省,青海省,632600,632625,青海省果洛藏族自治州久治县,久治县文化馆,久治县文化馆,http://www.ihchina.cn/Article/Index/getProject.html?category_id=16&type=1&limit=100&p=3,2026-08-06T10:14:57+00:00,23442,
subitem_23443,I-163,I-163,I-163,鄂温克族民间故事,民间文学,5,2021,new,内蒙古自治区呼伦贝尔市鄂温克族自治旗,内蒙古自治区,内蒙古自治区,150700,150724,内蒙古自治区呼伦贝尔市鄂温克族自治旗,鄂温克族自治旗文化旅游事业发展中心（鄂温克族自治旗文化馆、鄂温克族自治旗非物质文化遗产保护中心）,鄂温克族自治旗文化旅游事业发展中心(鄂温克族自治旗文化馆、鄂温克族自治旗非物质文化遗产保护中心),http://www.ihchina.cn/Article/Index/getProject.html?category_id=16&type=1&limit=100&p=3,2026-08-06T10:14:57+00:00,23443,
subitem_23444,I-164,I-164,I-164,包公故事,民间文学,5,2021,new,安徽省合肥市,安徽省,安徽省,340100,,安徽省合肥市,合肥市文化馆,合肥市文化馆,http://www.ihchina.cn/Article/Index/getProject.html?category_id=16&type=1&limit=100&p=3,2026-08-06T10:14:57+00:00,23444,
subitem_23445,I-165,I-165,I-165,仫佬族古歌,民间文学,5,2021,new,广西壮族自治区河池市罗城仫佬族自治县,广西壮族自治区,广西壮族自治区,451200,451225,广西壮族自治区河池市罗城仫佬族自治县,罗城仫佬族自治县文化馆,罗城仫佬族自治县文化馆,http://www.ihchina.cn/Article/Index/getProject.html?category_id=16&type=1&limit=100&p=3,2026-08-06T10:14:57+00:00,23445,
subitem_23446,I-166,I-166,I-166,巴狄雄萨滚,民间文学,5,2021,new,贵州省铜仁市松桃苗族自治县,贵州省,贵州省,522200,520628,贵州省铜仁市松桃苗族自治县,松桃苗族自治县文化馆,松桃苗族自治县文化馆,http://www.ihchina.cn/Article/Index/getProject.html?category_id=16&type=1&limit=100&p=3,2026-08-06T10:14:57+00:00,23446,
subitem_23447,I-167,I-167,I-167,都玛简收,民间文学,5,2021,new,云南省红河哈尼族彝族自治州绿春县,云南省,云南省,532500,532531,云南省红河哈尼族彝族自治州绿春县,绿春县文化馆（绿春县非物质文化遗产保护中心）,绿春县文化馆(绿春县非物质文化遗产保护中心),http://www.ihchina.cn/Article/Index/getProject.html?category_id=16&type=1&limit=100&p=3,2026-08-06T10:14:57+00:00,23447,
subitem_12215,I-17,I-17,I-17,走马镇民间故事,民间文学,1,2006,new,重庆市九龙坡区,重庆市,重庆市,500100,500107,"重庆市九龙坡区 <br /> <br /> 走马镇是重庆市九龙坡区的一个镇子,这里流传着一种由以“走马”(赶马)为职业的人群口头创作并传承的民间故事,人们通常将其称作“走马故事”",重庆市九龙坡区文化馆,重庆市九龙坡区文化馆,http://www.ihchina.cn/Article/Index/getProject.html?category_id=16&type=1&limit=100&p=1,2026-08-06T10:14:54+00:00,12215,
subitem_12216,I-18,I-18,I-18,古渔雁民间故事,民间文学,1,2006,new,辽宁省大洼县,辽宁省,辽宁省,211100,211121,"辽宁省大洼县 <br /> <br /> 古往今来,辽河口海域的二界沟小镇一直是特殊的打鱼人群体——“古渔雁”的落脚聚集之地",盘锦市大洼区文化体育旅游发展促进中心（大洼区总工会文体活动管理中心）,盘锦市大洼区文化体育旅游发展促进中心(大洼区总工会文体活动管理中心),http://www.ihchina.cn/Article/Index/getProject.html?category_id=16&type=1&limit=100&p=1,2026-08-06T10:14:54+00:00,12216,
subitem_12217,I-19,I-19,I-19,喀左东蒙民间故事,民间文学,1,2006,new,辽宁省喀喇沁左翼蒙古族自治县,辽宁省,辽宁省,211300,211324,"辽宁省喀喇沁左翼蒙古族自治县 <br /> <br /> 喀喇沁及东蒙各部的蒙古族较早就定居下来,由游牧转向农耕",喀喇沁左翼蒙古族自治县公共文化和广播电视工作服务中心,喀喇沁左翼蒙古族自治县公共文化和广播电视工作服务中心,http://www.ihchina.cn/Article/Index/getProject.html?category_id=16&type=1&limit=100&p=1,2026-08-06T10:14:54+00:00,12217,
subitem_12180,I-2,I-2,I-2,布洛陀,民间文学,1,2006,new,广西壮族自治区田阳县,广西壮族自治区,广西壮族自治区,451000,451021,"广西壮族自治区田阳县 <br /> <br /> 布洛陀是壮族先民口头文学中的神话人物,是创世神、始祖神和道德神",田阳县文化馆,田阳县文化馆,http://www.ihchina.cn/Article/Index/getProject.html?category_id=16&type=1&limit=100&p=1,2026-08-06T10:14:53+00:00,12180,
subitem_12218,I-20,I-20,I-20,谭振山民间故事,民间文学,1,2006,new,辽宁省新民市,辽宁省,辽宁省,210100,210181,"辽宁省新民市 <br /> <br /> 谭振山,男,著名民间故事讲述家,祖籍河北,1925年农历十一月十日生于辽宁省新民市罗家房乡太平庄村",新民市文化馆（新民市考古和文物保护中心）,新民市文化馆(新民市考古和文物保护中心),http://www.ihchina.cn/Article/Index/getProject.html?category_id=16&type=1&limit=100&p=1,2026-08-06T10:14:54+00:00,12218,
subitem_12219,I-21,I-21,I-21,河间歌诗,民间文学,1,2006,new,河北省河间市,河北省,河北省,130900,130984,"河北省河间市 <br /> <br /> 河间市地处河北省中南部的冀中平原腹地,因位于滹沱、中堡二河之间而得名(另一说为九河之间)",河间市文化馆,河间市文化馆,http://www.ihchina.cn/Article/Index/getProject.html?category_id=16&type=1&limit=100&p=1,2026-08-06T10:14:54+00:00,12219,
subitem_12220,I-22,I-22,I-22,吴歌,民间文学,1,2006,new,江苏省苏州市,江苏省,江苏省,320500,,"江苏省苏州市 <br /> <br /> 吴歌是吴语方言地区广大民众的口头文学创作,发源于江苏省东南部,苏州地区是吴歌产生发展的中心地区",苏州市非物质文化遗产保护管理办公室（苏州市文化研究中心）,苏州市非物质文化遗产保护管理办公室(苏州市文化研究中心),http://www.ihchina.cn/Article/Index/getProject.html?category_id=16&type=1&limit=100&p=1,2026-08-06T10:14:54+00:00,12220,
subitem_12221,I-22,I-22,I-22,吴歌,民间文学,2,2008,extension,上海市青浦区,上海市,上海市,310100,310118,"上海市青浦区 <br /> <br /> 吴地民歌民谣总称“吴歌”,它是吴文化的重要组成部分",上海市青浦区文化馆（上海青浦画院）,上海市青浦区文化馆(上海青浦画院),http://www.ihchina.cn/Article/Index/getProject.html?category_id=16&type=1&limit=100&p=1,2026-08-06T10:14:54+00:00,12221,
subitem_12222,I-22,I-22,I-22,吴歌,民间文学,2,2008,extension,江苏省无锡市,江苏省,江苏省,320200,,"江苏省无锡市 <br /> <br /> 吴地民歌民谣总称“吴歌”,它是吴文化的重要组成部分",无锡市锡山区吴歌锡剧研究会,无锡市锡山区吴歌锡剧研究会,http://www.ihchina.cn/Article/Index/getProject.html?category_id=16&type=1&limit=100&p=1,2026-08-06T10:14:54+00:00,12222,
subitem_12223,I-23,I-23,I-23,刘三姐歌谣,民间文学,1,2006,new,广西壮族自治区宜州市,广西壮族自治区,广西壮族自治区,451200,451281,"广西壮族自治区宜州市 <br /> <br /> “如今广西成歌海,都是三姐亲口传",河池市宜州区刘三姐文化传承中心（河池市宜州区非物质文化遗产保护中心）,河池市宜州区刘三姐文化传承中心(河池市宜州区非物质文化遗产保护中心),http://www.ihchina.cn/Article/Index/getProject.html?category_id=16&type=1&limit=100&p=1,2026-08-06T10:14:54+00:00,12223,
subitem_12224,I-24,I-24,I-24,四季生产调,民间文学,1,2006,new,云南省红河哈尼族彝族自治州,云南省,云南省,532500,,"云南省红河哈尼族彝族自治州 <br /> <br /> 哈尼族四季生产调流传于云南省红河哈尼族彝族自治州红河、元阳、绿春、金平、建水等县的哈尼族聚居区,其起源时间的下限不晚于唐代",红河哈尼族彝族自治州非物质文化遗产保护中心,红河哈尼族彝族自治州非物质文化遗产保护中心,http://www.ihchina.cn/Article/Index/getProject.html?category_id=16&type=1&limit=100&p=1,2026-08-06T10:14:54+00:00,12224,
subitem_12225,I-25,I-25,I-25,玛纳斯,民间文学,1,2006,new,新疆维吾尔自治区文联民间文艺家协会,新疆维吾尔自治区,新疆维吾尔自治区,,,"新疆维吾尔自治区文联民间文艺家协会 <br /> <br /> 《玛纳斯》是柯尔克孜族的英雄史诗,描写了英雄玛纳斯及其七代子孙前仆后继、率领柯尔克孜人民与外来侵略者和各种邪恶势力进行斗争的事迹",新疆维吾尔自治区民间文艺家协会，新疆维吾尔自治区艺术研究所（新疆维吾尔自治区非物质文化遗产保护研究中心）,"新疆维吾尔自治区民间文艺家协会,新疆维吾尔自治区艺术研究所(新疆维吾尔自治区非物质文化遗产保护研究中心)",http://www.ihchina.cn/Article/Index/getProject.html?category_id=16&type=1&limit=100&p=1,2026-08-06T10:14:54+00:00,12225,
subitem_12227,I-25,I-25,I-25,玛纳斯,民间文学,1,2006,new,新疆维吾尔自治区克孜勒苏柯尔克孜自治州,新疆维吾尔自治区,新疆维吾尔自治区,653000,,"新疆维吾尔自治区克孜勒苏柯尔克孜自治州 <br /> <br /> 《玛纳斯》是柯尔克孜族的英雄史诗,描写了英雄玛纳斯及其七代子孙前仆后继、率领柯尔克孜人民与外来侵略者和各种邪恶势力进行斗争的事迹",克孜勒苏柯尔克孜自治州非物质文化遗产保护（玛纳斯保护研究）中心,克孜勒苏柯尔克孜自治州非物质文化遗产保护(玛纳斯保护研究)中心,http://www.ihchina.cn/Article/Index/getProject.html?category_id=16&type=1&limit=100&p=1,2026-08-06T10:14:54+00:00,12227,
subitem_12228,I-26,I-26,I-26,江格尔,民间文学,1,2006,new,新疆维吾尔自治区文联民间文艺家协会,新疆维吾尔自治区,新疆维吾尔自治区,,,"新疆维吾尔自治区文联民间文艺家协会 <br /> <br /> 《江格尔》是蒙古族英雄史诗,主要流传于中国新疆维吾尔自治区阿尔泰山一带的蒙古族聚居区",新疆维吾尔自治区民间文艺家协会,新疆维吾尔自治区民间文艺家协会,http://www.ihchina.cn/Article/Index/getProject.html?category_id=16&type=1&limit=100&p=1,2026-08-06T10:14:54+00:00,12228,
subitem_12229,I-26,I-26,I-26,江格尔,民间文学,1,2006,new,新疆维吾尔自治区博尔塔拉蒙古自治州,新疆维吾尔自治区,新疆维吾尔自治区,652700,,"新疆维吾尔自治区博尔塔拉蒙古自治州 <br /> <br /> 《江格尔》是蒙古族英雄史诗,主要流传于中国新疆维吾尔自治区阿尔泰山一带的蒙古族聚居区",博尔塔拉蒙古自治州文化馆,博尔塔拉蒙古自治州文化馆,http://www.ihchina.cn/Article/Index/getProject.html?category_id=16&type=1&limit=100&p=1,2026-08-06T10:14:54+00:00,12229,
subitem_12230,I-26,I-26,I-26,江格尔,民间文学,1,2006,new,新疆维吾尔自治区巴音郭楞蒙古自治州,新疆维吾尔自治区,新疆维吾尔自治区,652800,,"新疆维吾尔自治区巴音郭楞蒙古自治州 <br /> <br /> 《江格尔》是蒙古族英雄史诗,主要流传于中国新疆维吾尔自治区阿尔泰山一带的蒙古族聚居区",新疆巴音郭楞蒙古自治州文化馆,新疆巴音郭楞蒙古自治州文化馆,http://www.ihchina.cn/Article/Index/getProject.html?category_id=16&type=1&limit=100&p=1,2026-08-06T10:14:54+00:00,12230,
subitem_12231,I-26,I-26,I-26,江格尔,民间文学,1,2006,new,新疆维吾尔自治区和布克塞尔蒙古自治县,新疆维吾尔自治区,新疆维吾尔自治区,654200,654226,"新疆维吾尔自治区和布克塞尔蒙古自治县 <br /> <br /> 《江格尔》是蒙古族英雄史诗,主要流传于中国新疆维吾尔自治区阿尔泰山一带的蒙古族聚居区",和布克赛尔蒙古自治县非物质文化遗产保护中心,和布克赛尔蒙古自治县非物质文化遗产保护中心,http://www.ihchina.cn/Article/Index/getProject.html?category_id=16&type=1&limit=100&p=1,2026-08-06T10:14:54+00:00,12231,
subitem_23635,I-26,I-26,I-26,江格尔,民间文学,5,2021,extension,内蒙古自治区,内蒙古自治区,内蒙古自治区,,,内蒙古自治区,内蒙古自治区艺术研究院（内蒙古自治区非物质文化遗产保护中心）,内蒙古自治区艺术研究院(内蒙古自治区非物质文化遗产保护中心),http://www.ihchina.cn/Article/Index/getProject.html?category_id=16&type=1&limit=100&p=1,2026-08-06T10:14:54+00:00,23635,
subitem_12232,I-27,I-27,I-27,格萨(斯)尔,民间文学,1,2006,new,中国社会科学院《格萨(斯)尔》办公室,中直单位,,,,"中国社会科学院《格萨(斯)尔》办公室 <br /> <br /> 传唱千年的史诗《格萨(斯)尔》流传于中国青藏高原的藏、蒙、土、裕固、纳西、普米等民族中,以口耳相传的方式讲述了格萨尔王降临下界后降妖除魔、抑强扶弱、统一各部,最后回归天国的英雄业绩",中国社会科学院《格萨（斯）尔》办公室,中国社会科学院《格萨(斯)尔》办公室,http://www.ihchina.cn/Article/Index/getProject.html?category_id=16&type=1&limit=100&p=1,2026-08-06T10:14:54+00:00,12232,
subitem_12233,I-27,I-27,I-27,格萨(斯)尔,民间文学,1,2006,new,内蒙古自治区,内蒙古自治区,内蒙古自治区,,,"内蒙古自治区 <br /> <br /> 传唱千年的史诗《格萨(斯)尔》流传于中国青藏高原的藏、蒙、土、裕固、纳西、普米等民族中,以口耳相传的方式讲述了格萨尔王降临下界后降妖除魔、抑强扶弱、统一各部,最后回归天国的英雄业绩",内蒙古自治区少数民族古籍征集研究室,内蒙古自治区少数民族古籍征集研究室,http://www.ihchina.cn/Article/Index/getProject.html?category_id=16&type=1&limit=100&p=1,2026-08-06T10:14:54+00:00,12233,
subitem_12234,I-27,I-27,I-27,格萨(斯)尔,民间文学,1,2006,new,四川省,四川省,四川省,,,"四川省 <br /> <br /> 传唱千年的史诗《格萨(斯)尔》流传于中国青藏高原的藏、蒙、土、裕固、纳西、普米等民族中,以口耳相传的方式讲述了格萨尔王降临下界后降妖除魔、抑强扶弱、统一各部,最后回归天国的英雄业绩",甘孜藏族自治州文化馆,甘孜藏族自治州文化馆,http://www.ihchina.cn/Article/Index/getProject.html?category_id=16&type=1&limit=100&p=1,2026-08-06T10:14:54+00:00,12234,
subitem_12235,I-27,I-27,I-27,格萨(斯)尔,民间文学,1,2006,new,云南省,云南省,云南省,,,"云南省 <br /> <br /> 传唱千年的史诗《格萨(斯)尔》流传于中国青藏高原的藏、蒙、土、裕固、纳西、普米等民族中,以口耳相传的方式讲述了格萨尔王降临下界后降妖除魔、抑强扶弱、统一各部,最后回归天国的英雄业绩",迪庆藏族自治州非物质文化遗产保护中心,迪庆藏族自治州非物质文化遗产保护中心,http://www.ihchina.cn/Article/Index/getProject.html?category_id=16&type=1&limit=100&p=1,2026-08-06T10:14:54+00:00,12235,
subitem_12236,I-27,I-27,I-27,格萨(斯)尔,民间文学,1,2006,new,西藏自治区,西藏自治区,西藏自治区,,,"西藏自治区 <br /> <br /> 传唱千年的史诗《格萨(斯)尔》流传于中国青藏高原的藏、蒙、土、裕固、纳西、普米等民族中,以口耳相传的方式讲述了格萨尔王降临下界后降妖除魔、抑强扶弱、统一各部,最后回归天国的英雄业绩",西藏自治区文化厅,西藏自治区文化厅,http://www.ihchina.cn/Article/Index/getProject.html?category_id=16&type=1&limit=100&p=1,2026-08-06T10:14:54+00:00,12236,
subitem_12237,I-27,I-27,I-27,格萨(斯)尔,民间文学,1,2006,new,甘肃省,甘肃省,甘肃省,,,"甘肃省 <br /> <br /> 传唱千年的史诗《格萨(斯)尔》流传于中国青藏高原的藏、蒙、土、裕固、纳西、普米等民族中,以口耳相传的方式讲述了格萨尔王降临下界后降妖除魔、抑强扶弱、统一各部,最后回归天国的英雄业绩",西北民族大学,西北民族大学,http://www.ihchina.cn/Article/Index/getProject.html?category_id=16&type=1&limit=100&p=1,2026-08-06T10:14:54+00:00,12237,
subitem_12238,I-27,I-27,I-27,格萨(斯)尔,民间文学,1,2006,new,青海省,青海省,青海省,,,"青海省 <br /> <br /> 传唱千年的史诗《格萨(斯)尔》流传于中国青藏高原的藏、蒙、土、裕固、纳西、普米等民族中,以口耳相传的方式讲述了格萨尔王降临下界后降妖除魔、抑强扶弱、统一各部,最后回归天国的英雄业绩",青海省文学艺术界联合会,青海省文学艺术界联合会,http://www.ihchina.cn/Article/Index/getProject.html?category_id=16&type=1&limit=100&p=1,2026-08-06T10:14:54+00:00,12238,
subitem_12239,I-27,I-27,I-27,格萨(斯)尔,民间文学,1,2006,new,新疆维吾尔自治区,新疆维吾尔自治区,新疆维吾尔自治区,,,"新疆维吾尔自治区 <br /> <br /> 传唱千年的史诗《格萨(斯)尔》流传于中国青藏高原的藏、蒙、土、裕固、纳西、普米等民族中,以口耳相传的方式讲述了格萨尔王降临下界后降妖除魔、抑强扶弱、统一各部,最后回归天国的英雄业绩",新疆维吾尔自治区民间文艺家协会,新疆维吾尔自治区民间文艺家协会,http://www.ihchina.cn/Article/Index/getProject.html?category_id=16&type=1&limit=100&p=1,2026-08-06T10:14:54+00:00,12239,
subitem_12240,I-27,I-27,I-27,格萨(斯)尔,民间文学,4,2014,extension,内蒙古自治区巴林右旗,内蒙古自治区,内蒙古自治区,150400,150423,内蒙古自治区巴林右旗,巴林右旗格斯尔文化研究发展中心,巴林右旗格斯尔文化研究发展中心,http://www.ihchina.cn/Article/Index/getProject.html?category_id=16&type=1&limit=100&p=1,2026-08-06T10:14:54+00:00,12240,
subitem_12241,I-28,I-28,I-28,阿诗玛,民间文学,1,2006,new,云南省石林彝族自治县,云南省,云南省,530100,530126,云南省石林彝族自治县 <br /> <br /> 《阿诗玛》是流传于云南省石林彝族自治县彝族支系撒尼人的叙事长诗,石林彝族自治县阿诗玛文化传承与保护中心（石林彝族自治县阿诗玛文化研究所、石林彝族自治县非物质文化遗产保护中心）,石林彝族自治县阿诗玛文化传承与保护中心(石林彝族自治县阿诗玛文化研究所、石林彝族自治县非物质文化遗产保护中心),http://www.ihchina.cn/Article/Index/getProject.html?category_id=16&type=1&limit=100&p=1,2026-08-06T10:14:54+00:00,12241,
subitem_12242,I-29,I-29,I-29,拉仁布与吉门索,民间文学,1,2006,new,青海省互助土族自治县,青海省,青海省,630200,630223,"青海省互助土族自治县 <br /> <br /> 《拉仁布与吉门索》是土族民间长诗,用土族口语创作并演唱,以口耳相传的方式在群众中相沿传袭,至今仍为活态的口头文学形式",互助土族自治县文化馆,互助土族自治县文化馆,http://www.ihchina.cn/Article/Index/getProject.html?category_id=16&type=1&limit=100&p=1,2026-08-06T10:14:54+00:00,12242,
subitem_12181,I-3,I-3,I-3,遮帕麻和遮咪麻,民间文学,1,2006,new,云南省梁河县,云南省,云南省,533100,533122,"云南省梁河县 <br /> <br /> 阿昌族的长篇诗体创世神话《遮帕麻和遮咪麻》主要流传在云南省德宏傣族景颇族自治州梁河县阿昌族群众中,以唱诗和口头白话两种形式传承至今",梁河县文化馆,梁河县文化馆,http://www.ihchina.cn/Article/Index/getProject.html?category_id=16&type=1&limit=100&p=1,2026-08-06T10:14:53+00:00,12181,
subitem_12243,I-30,I-30,I-30,畲族小说歌,民间文学,1,2006,new,福建省霞浦县,福建省,福建省,350900,350921,福建省霞浦县 <br /> <br /> 畲族小说歌发源于福建省霞浦县侯南镇白露坑村,霞浦县福宁文化艺术交流中心,霞浦县福宁文化艺术交流中心,http://www.ihchina.cn/Article/Index/getProject.html?category_id=16&type=1&limit=100&p=1,2026-08-06T10:14:54+00:00,12243,
subitem_12244,I-31,I-31,I-31,青林寺谜语,民间文学,1,2006,new,湖北省宜都市,湖北省,湖北省,420500,420581,湖北省宜都市 <br /> <br /> 青林寺村位于历史悠久、地理环境独特的湖北省宜昌市宜都高坝洲境内,宜都市文化馆（宜都市文艺创作室）,宜都市文化馆(宜都市文艺创作室),http://www.ihchina.cn/Article/Index/getProject.html?category_id=16&type=1&limit=100&p=1,2026-08-06T10:14:54+00:00,12244,
subitem_12245,I-31,I-31,I-31,谜语(澄海灯谜),民间文学,2,2008,extension,广东省汕头市澄海区,广东省,广东省,440500,440515,"广东省汕头市澄海区 <br /> <br /> 澄海地处粤东韩江三角洲平原,地形以平原为主,自古文风极盛,源于古代隐语、斗智炫巧的灯谜活动在当地有着较长的历史,至明清时代发展为极具地方特色的风俗文化",汕头市澄海区文化馆,汕头市澄海区文化馆,http://www.ihchina.cn/Article/Index/getProject.html?category_id=16&type=1&limit=100&p=1,2026-08-06T10:14:54+00:00,12245,
subitem_12246,I-32,I-32,I-32,八达岭长城传说,民间文学,2,2008,new,北京市延庆县,北京市,北京市,110100,,"北京市延庆县 <br /> <br /> 位于北京市延庆县的八达岭长城历史悠久,自古以来就是军事重地及交通要道",北京市延庆区博物馆（北京市延庆区文物管理所）,北京市延庆区博物馆(北京市延庆区文物管理所),http://www.ihchina.cn/Article/Index/getProject.html?category_id=16&type=1&limit=100&p=1,2026-08-06T10:14:54+00:00,12246,
subitem_12247,I-33,I-33,I-33,永定河传说,民间文学,2,2008,new,北京市石景山区,北京市,北京市,110100,110107,北京市石景山区 <br /> <br /> 永定河是北京的母亲河,北京市石景山区非物质文化遗产保护中心,北京市石景山区非物质文化遗产保护中心,http://www.ihchina.cn/Article/Index/getProject.html?category_id=16&type=1&limit=100&p=1,2026-08-06T10:14:54+00:00,12247,
subitem_12248,I-34,I-34,I-34,杨家将传说(穆桂英传说),民间文学,2,2008,new,北京市房山区,北京市,北京市,110100,110111,北京市房山区 <br /> <br /> 杨家将传说展现了一个英雄家族的群体形象,北京市房山区燕山文化馆,北京市房山区燕山文化馆,http://www.ihchina.cn/Article/Index/getProject.html?category_id=16&type=1&limit=100&p=1,2026-08-06T10:14:54+00:00,12248,
subitem_12249,I-34,I-34,I-34,杨家将传说(杨家将说唱),民间文学,2,2008,new,山西省,山西省,山西省,,,山西省 <br /> <br /> 杨家将传说展现了一个英雄家族的群体形象,广灵县文化馆,广灵县文化馆,http://www.ihchina.cn/Article/Index/getProject.html?category_id=16&type=1&limit=100&p=1,2026-08-06T10:14:54+00:00,12249,
subitem_12250,I-34,I-34,I-34,杨家将传说(杨七郎墓传说),民间文学,4,2014,extension,天津市宁河县,天津市,天津市,120100,,天津市宁河县,天津市宁河区文化馆,天津市宁河区文化馆,http://www.ihchina.cn/Article/Index/getProject.html?category_id=16&type=1&limit=100&p=1,2026-08-06T10:14:54+00:00,12250,
subitem_12251,I-35,I-35,I-35,尧的传说,民间文学,2,2008,new,山西省绛县,山西省,山西省,140800,140826,"山西省绛县 <br /> <br /> 根据山西省绛县尧寓村村民世代传说和有关文献记载,尧王出生在尧寓村",绛县文化馆,绛县文化馆,http://www.ihchina.cn/Article/Index/getProject.html?category_id=16&type=1&limit=100&p=1,2026-08-06T10:14:54+00:00,12251,
subitem_12252,I-35,I-35,I-35,尧的传说,民间文学,3,2011,extension,山东省菏泽市牡丹区,山东省,山东省,371700,371702,"山东省菏泽市牡丹区 <br /> <br /> 山东省菏泽古称“曹州”,牡丹区位于市区中心,是史前尧舜二帝主要活动地区之一",菏泽市牡丹区文化馆,菏泽市牡丹区文化馆,http://www.ihchina.cn/Article/Index/getProject.html?category_id=16&type=1&limit=100&p=1,2026-08-06T10:14:54+00:00,12252,
subitem_12253,I-36,I-36,I-36,牛郎织女传说,民间文学,2,2008,new,山西省和顺县,山西省,山西省,140700,140723,"山西省和顺县 <br /> <br /> 牛郎织女传说起源于先秦时期,是我国流传最广、影响最大的民间传说之一,同《孟姜女》、《梁山伯与祝英台》和《白蛇传》并称为“四大民间传说”",和顺县文化馆,和顺县文化馆,http://www.ihchina.cn/Article/Index/getProject.html?category_id=16&type=1&limit=100&p=1,2026-08-06T10:14:54+00:00,12253,
subitem_12254,I-36,I-36,I-36,牛郎织女传说,民间文学,2,2008,new,山东省沂源县,山东省,山东省,370300,370323,"山东省沂源县 <br /> <br /> 牛郎织女传说起源于先秦时期,是我国流传最广、影响最大的民间传说之一,同《孟姜女》、《梁山伯与祝英台》和《白蛇传》并称为“四大民间传说”",沂源县文化馆（沂源县非物质文化遗产保护中心、沂源县书画院）,沂源县文化馆(沂源县非物质文化遗产保护中心、沂源县书画院),http://www.ihchina.cn/Article/Index/getProject.html?category_id=16&type=1&limit=100&p=1,2026-08-06T10:14:54+00:00,12254,
subitem_12255,I-36,I-36,I-36,牛郎织女传说,民间文学,3,2011,extension,陕西省西安市长安区,陕西省,陕西省,610100,610116,"陕西省西安市长安区 <br /> <br /> 先秦时,牛郎、织女二星以星辰形象构成隐喻式的联想出现在古代典籍中,尚未构成故事情节",西咸新区沣东新城斗门街道办事处,西咸新区沣东新城斗门街道办事处,http://www.ihchina.cn/Article/Index/getProject.html?category_id=16&type=1&limit=100&p=1,2026-08-06T10:14:54+00:00,12255,
subitem_12256,I-37,I-37,I-37,西湖传说,民间文学,2,2008,new,浙江省杭州市,浙江省,浙江省,330100,,"浙江省杭州市 <br /> <br /> 杭州西湖传说源远流长,历代文学艺术家利用西湖民间故事材料进行改编再创作,形成了大量脍炙人口的作品",杭州图书馆,杭州图书馆,http://www.ihchina.cn/Article/Index/getProject.html?category_id=16&type=1&limit=100&p=1,2026-08-06T10:14:54+00:00,12256,
subitem_12257,I-38,I-38,I-38,刘伯温传说,民间文学,2,2008,new,浙江省文成县,浙江省,浙江省,330300,330328,"浙江省文成县 <br /> <br /> 刘基(1311—1373),字伯温,溢号文成",文成县非物质文化遗产保护中心,文成县非物质文化遗产保护中心,http://www.ihchina.cn/Article/Index/getProject.html?category_id=16&type=1&limit=100&p=1,2026-08-06T10:14:54+00:00,12257,
subitem_12258,I-38,I-38,I-38,刘伯温传说,民间文学,2,2008,new,浙江省青田县,浙江省,浙江省,331100,331121,"浙江省青田县 <br /> <br /> 刘基(1311—1373),字伯温,溢号文成",青田县刘基研究会,青田县刘基研究会,http://www.ihchina.cn/Article/Index/getProject.html?category_id=16&type=1&limit=100&p=1,2026-08-06T10:14:54+00:00,12258,
subitem_12259,I-39,I-39,I-39,黄初平(黄大仙)传说,民间文学,2,2008,new,浙江省金华市,浙江省,浙江省,330700,,"浙江省金华市 <br /> <br /> 黄初平(黄大仙)传说流传于浙江省金华市一带,由有关黄初平修炼得道和惩恶除害、为民造福的一系列传奇性故事构成",金华黄大仙文化研究会,金华黄大仙文化研究会,http://www.ihchina.cn/Article/Index/getProject.html?category_id=16&type=1&limit=100&p=1,2026-08-06T10:14:54+00:00,12259,
subitem_12182,I-4,I-4,I-4,牡帕密帕,民间文学,1,2006,new,云南省思茅市,云南省,云南省,530800,530802,"云南省思茅市 <br /> <br /> 牡帕密帕是拉祜族“波阔嘎阔”演唱的一部长篇诗体创世神话,流传于云南省思茅市澜沧拉祜族自治县境内",澜沧拉祜族自治县文化馆,澜沧拉祜族自治县文化馆,http://www.ihchina.cn/Article/Index/getProject.html?category_id=16&type=1&limit=100&p=1,2026-08-06T10:14:53+00:00,12182,
subitem_12260,I-40,I-40,I-40,观音传说,民间文学,2,2008,new,浙江省舟山市,浙江省,浙江省,330900,,"浙江省舟山市 <br /> <br /> 浙江省舟山群岛东隅的普陀洛迦山是中国四大佛教名山之一,为闻名海内外的观音道场所在地",舟山市普陀山风景名胜区管理委员会,舟山市普陀山风景名胜区管理委员会,http://www.ihchina.cn/Article/Index/getProject.html?category_id=16&type=1&limit=100&p=1,2026-08-06T10:14:54+00:00,12260,
subitem_12261,I-41,I-41,I-41,徐福东渡传说,民间文学,2,2008,new,浙江省象山县,浙江省,浙江省,330200,330225,"浙江省象山县 <br /> <br /> 浙江省宁波市象山县、慈溪市沿海一带自古就有大量关于徐福受秦始皇派遣“入海求仙”、寻找长生不老之药的传说:公元前210年,徐福率领数千童男童女及数百名工匠、兵员从慈溪的达蓬山(原名“香山”)(一说象山蓬莱山)出海求取长生不老之药",象山县文化馆,象山县文化馆,http://www.ihchina.cn/Article/Index/getProject.html?category_id=16&type=1&limit=100&p=1,2026-08-06T10:14:54+00:00,12261,
subitem_12262,I-41,I-41,I-41,徐福东渡传说,民间文学,2,2008,new,浙江省慈溪市,浙江省,浙江省,330200,330282,"浙江省慈溪市 <br /> <br /> 浙江省宁波市象山县、慈溪市沿海一带自古就有大量关于徐福受秦始皇派遣“入海求仙”、寻找长生不老之药的传说:公元前210年,徐福率领数千童男童女及数百名工匠、兵员从慈溪的达蓬山(原名“香山”)(一说象山蓬莱山)出海求取长生不老之药",慈溪市徐福研究会,慈溪市徐福研究会,http://www.ihchina.cn/Article/Index/getProject.html?category_id=16&type=1&limit=100&p=1,2026-08-06T10:14:54+00:00,12262,
subitem_12263,I-41,I-41,I-41,徐福传说,民间文学,3,2011,extension,江苏省赣榆县,江苏省,江苏省,320700,320721,"江苏省赣榆县 <br /> <br /> 徐福传说是关于历史事件和历史人物的民间传说,长期以来流传在沿海一带的民众当中",连云港市赣榆区金山镇文化站,连云港市赣榆区金山镇文化站,http://www.ihchina.cn/Article/Index/getProject.html?category_id=16&type=1&limit=100&p=1,2026-08-06T10:14:54+00:00,12263,
subitem_12264,I-41,I-41,I-41,徐福传说,民间文学,3,2011,extension,山东省青岛市黄岛区,山东省,山东省,370200,370211,"山东省青岛市黄岛区 <br /> <br /> 徐福传说是关于历史事件和历史人物的民间传说,长期以来流传在沿海一带的民众当中",青岛市黄岛区文化馆,青岛市黄岛区文化馆,http://www.ihchina.cn/Article/Index/getProject.html?category_id=16&type=1&limit=100&p=1,2026-08-06T10:14:54+00:00,12264,
subitem_12265,I-41,I-41,I-41,徐福传说,民间文学,3,2011,extension,山东省胶南市,山东省,山东省,370200,,"山东省胶南市 <br /> <br /> 徐福传说是关于历史事件和历史人物的民间传说,长期以来流传在沿海一带的民众当中",青岛市黄岛区琅琊暨徐福研究会,青岛市黄岛区琅琊暨徐福研究会,http://www.ihchina.cn/Article/Index/getProject.html?category_id=16&type=1&limit=100&p=1,2026-08-06T10:14:54+00:00,12265,
subitem_12266,I-42,I-42,I-42,陶朱公传说,民间文学,2,2008,new,山东省定陶县,山东省,山东省,371700,371727,"山东省定陶县 <br /> <br /> 陶朱公传说源于山东省定陶县,主要是关于陶朱公居陶十九年间理财、散财的民间传说,距今已有两千五百多年的历史",菏泽市定陶区文化馆,菏泽市定陶区文化馆,http://www.ihchina.cn/Article/Index/getProject.html?category_id=16&type=1&limit=100&p=1,2026-08-06T10:14:54+00:00,12266,
subitem_12267,I-43,I-43,I-43,麒麟传说,民间文学,2,2008,new,山东省嘉祥县,山东省,山东省,370800,370829,"山东省嘉祥县 <br /> <br /> 麒麟是中华民族传说中的神性动物,是国泰民安、吉祥和谐的象征",嘉祥县公共文化服务中心（嘉祥县图书馆、嘉祥县文化馆）,嘉祥县公共文化服务中心(嘉祥县图书馆、嘉祥县文化馆),http://www.ihchina.cn/Article/Index/getProject.html?category_id=16&type=1&limit=100&p=1,2026-08-06T10:14:54+00:00,12267,
subitem_12268,I-43,I-43,I-43,麒麟传说,民间文学,2,2008,new,山东省巨野县,山东省,山东省,371700,371724,"山东省巨野县 <br /> <br /> 麒麟是中华民族传说中的神性动物,是国泰民安、吉祥和谐的象征",巨野县文化馆,巨野县文化馆,http://www.ihchina.cn/Article/Index/getProject.html?category_id=16&type=1&limit=100&p=1,2026-08-06T10:14:54+00:00,12268,
subitem_12269,I-44,I-44,I-44,鲁班传说,民间文学,2,2008,new,山东省滕州市,山东省,山东省,370400,370481,"山东省滕州市 <br /> <br /> 鲁班是春秋人物公输般的异名,其事迹在《墨子》中即有记载",山东省滕州市文化馆,山东省滕州市文化馆,http://www.ihchina.cn/Article/Index/getProject.html?category_id=16&type=1&limit=100&p=1,2026-08-06T10:14:54+00:00,12269,
subitem_12270,I-44,I-44,I-44,鲁班传说,民间文学,2,2008,new,山东省曲阜市,山东省,山东省,370800,370881,"山东省曲阜市 <br /> <br /> 鲁班是春秋人物公输般的异名,其事迹在《墨子》中即有记载",曲阜市公共文化服务中心（曲阜市文化馆、曲阜市图书馆、曲阜市非物质文化遗产保护中心）,曲阜市公共文化服务中心(曲阜市文化馆、曲阜市图书馆、曲阜市非物质文化遗产保护中心),http://www.ihchina.cn/Article/Index/getProject.html?category_id=16&type=1&limit=100&p=1,2026-08-06T10:14:54+00:00,12270,
subitem_12271,I-45,I-45,I-45,八仙传说,民间文学,2,2008,new,山东省蓬莱市,山东省,山东省,370600,370684,"山东省蓬莱市 <br /> <br /> 山东省蓬莱市是一座依山傍海的历史文化古城,这里的自然条件与人文环境孕育了丰富多彩的八仙传说",蓬莱市文化馆,蓬莱市文化馆,http://www.ihchina.cn/Article/Index/getProject.html?category_id=16&type=1&limit=100&p=1,2026-08-06T10:14:54+00:00,12271,
subitem_12272,I-46,I-46,I-46,秃尾巴老李的传说,民间文学,2,2008,new,山东省即墨市,山东省,山东省,370200,370282,山东省即墨市 <br /> <br /> 秃尾巴老李的传说在山东大地、东北三省和北方多数沿海地区以及邻近水域广为流传,青岛圣龙山旅游开发有限公司,青岛圣龙山旅游开发有限公司,http://www.ihchina.cn/Article/Index/getProject.html?category_id=16&type=1&limit=100&p=1,2026-08-06T10:14:54+00:00,12272,
subitem_12273,I-46,I-46,I-46,秃尾巴老李的传说,民间文学,2,2008,new,山东省诸城市,山东省,山东省,370700,370782,山东省诸城市 <br /> <br /> 秃尾巴老李的传说在山东大地、东北三省和北方多数沿海地区以及邻近水域广为流传,诸城市文化馆,诸城市文化馆,http://www.ihchina.cn/Article/Index/getProject.html?category_id=16&type=1&limit=100&p=2,2026-08-06T10:14:56+00:00,12273,
subitem_12274,I-46,I-46,I-46,秃尾巴老李的传说,民间文学,2,2008,new,山东省文登市,山东省,山东省,371000,371081,山东省文登市 <br /> <br /> 秃尾巴老李的传说在山东大地、东北三省和北方多数沿海地区以及邻近水域广为流传,威海市文登区文化馆（威海市文登区非物质文化遗产保护中心、威海市文登区美术馆）,威海市文登区文化馆(威海市文登区非物质文化遗产保护中心、威海市文登区美术馆),http://www.ihchina.cn/Article/Index/getProject.html?category_id=16&type=1&limit=100&p=2,2026-08-06T10:14:56+00:00,12274,
subitem_12275,I-46,I-46,I-46,秃尾巴老李的传说,民间文学,2,2008,new,山东省莒县,山东省,山东省,371100,371122,山东省莒县 <br /> <br /> 秃尾巴老李的传说在山东大地、东北三省和北方多数沿海地区以及邻近水域广为流传,莒县文化馆,莒县文化馆,http://www.ihchina.cn/Article/Index/getProject.html?category_id=16&type=1&limit=100&p=1,2026-08-06T10:14:54+00:00,12275,
subitem_12276,I-47,I-47,I-47,屈原传说,民间文学,2,2008,new,湖北省秭归县,湖北省,湖北省,420500,420527,湖北省秭归县 <br /> <br /> 屈原是我国伟大的爱国诗人,秭归县文化馆（县非物质文化遗产保护中心）,秭归县文化馆(县非物质文化遗产保护中心),http://www.ihchina.cn/Article/Index/getProject.html?category_id=16&type=1&limit=100&p=2,2026-08-06T10:14:56+00:00,12276,
subitem_12277,I-48,I-48,I-48,王昭君传说,民间文学,2,2008,new,湖北省兴山县,湖北省,湖北省,420500,420526,"湖北省兴山县 <br /> <br /> 王昭君传说主要流传于湖北省兴山县及内蒙古自治区呼和浩特市,传说所依据的史实散见于《汉书·元帝纪》、《后汉书·南匈奴列传》、《西域传》等诸多史籍",兴山县文化馆,兴山县文化馆,http://www.ihchina.cn/Article/Index/getProject.html?category_id=16&type=1&limit=100&p=2,2026-08-06T10:14:56+00:00,12277,
subitem_12278,I-49,I-49,I-49,炎帝神农传说,民间文学,2,2008,new,湖北省随州市,湖北省,湖北省,421300,,"湖北省随州市 <br /> <br /> 炎帝神农是华夏始祖,也是中华农业和医学的杰出代表",随县文化馆（随县非物质文化遗产保护中心）,随县文化馆(随县非物质文化遗产保护中心),http://www.ihchina.cn/Article/Index/getProject.html?category_id=16&type=1&limit=100&p=2,2026-08-06T10:14:56+00:00,12278,
subitem_12279,I-49,I-49,I-49,炎帝神农传说,民间文学,2,2008,new,湖北省神农架林区,湖北省,湖北省,429021,,"湖北省神农架林区 <br /> <br /> 炎帝神农是华夏始祖,也是中华农业和医学的杰出代表",神农架林区群众艺术馆,神农架林区群众艺术馆,http://www.ihchina.cn/Article/Index/getProject.html?category_id=16&type=1&limit=100&p=2,2026-08-06T10:14:56+00:00,12279,
subitem_12183,I-5,I-5,I-5,刻道,民间文学,1,2006,new,贵州省施秉县,贵州省,贵州省,522600,522623,"贵州省施秉县 <br /> <br /> 苗族“刻道”即“刻木”,汉语译为《苗族开亲歌》,主要流传于贵州省施秉县杨柳塘镇飞云大峡谷的一个山坡洼地里",施秉县非物质文化遗产保护中心,施秉县非物质文化遗产保护中心,http://www.ihchina.cn/Article/Index/getProject.html?category_id=16&type=1&limit=100&p=1,2026-08-06T10:14:53+00:00,12183,
subitem_12280,I-50,I-50,I-50,木兰传说,民间文学,2,2008,new,河南省虞城县,河南省,河南省,411400,411425,"河南省虞城县 <br /> <br /> 花木兰是中国古代影响深远的传奇女杰,木兰传说包括《木兰出世》、《少年木兰》、《替父从军》、《塞外立功》、《辞谢封赏》、《回乡团聚》等故事",虞城县文化馆,虞城县文化馆,http://www.ihchina.cn/Article/Index/getProject.html?category_id=16&type=1&limit=100&p=2,2026-08-06T10:14:56+00:00,12280,
subitem_12281,I-50,I-50,I-50,木兰传说,民间文学,2,2008,new,湖北省武汉市黄陂区,湖北省,湖北省,420100,420116,"湖北省武汉市黄陂区 <br /> <br /> 花木兰是中国古代影响深远的传奇女杰,木兰传说包括《木兰出世》、《少年木兰》、《替父从军》、《塞外立功》、《辞谢封赏》、《回乡团聚》等故事",武汉市黄陂区文化馆（武汉市黄陂区非物质文化遗产保护中心）,武汉市黄陂区文化馆(武汉市黄陂区非物质文化遗产保护中心),http://www.ihchina.cn/Article/Index/getProject.html?category_id=16&type=1&limit=100&p=2,2026-08-06T10:14:56+00:00,12281,
subitem_12282,I-50,I-50,I-50,木兰传说,民间文学,3,2011,extension,陕西省延安市宝塔区,陕西省,陕西省,610600,610602,"陕西省延安市宝塔区 <br /> <br /> 木兰传说是一个在民间广为流传的人物传说,北朝无名氏编写的民歌《木兰诗》(或称《木兰辞》)讲述了木兰代父从军戍边的故事:“旦辞爷娘去,暮宿黄河边",延安市宝塔区文化馆,延安市宝塔区文化馆,http://www.ihchina.cn/Article/Index/getProject.html?category_id=16&type=1&limit=100&p=2,2026-08-06T10:14:56+00:00,12282,
subitem_12283,I-51,I-51,I-51,巴拉根仓的故事,民间文学,2,2008,new,内蒙古自治区通辽市,内蒙古自治区,内蒙古自治区,150500,,"内蒙古自治区通辽市 <br /> <br /> 巴拉根仓的故事在内蒙古民间流传甚广,尤以科尔沁草原为盛",通辽市群众艺术馆,通辽市群众艺术馆,http://www.ihchina.cn/Article/Index/getProject.html?category_id=16&type=1&limit=100&p=2,2026-08-06T10:14:56+00:00,12283,
subitem_12284,I-52,I-52,I-52,北票民间故事,民间文学,2,2008,new,辽宁省北票市,辽宁省,辽宁省,211300,211381,"辽宁省北票市 <br /> <br /> 辽宁省北票市位于辽宁省西部,是一座历史文化悠久的城市,人文遗存比较深厚,民间文学的蕴藏丰富",北票市文旅体育事务服务中心（北票市博物馆、北票市文物考古研究所、北票市尹湛纳希纪念馆）,北票市文旅体育事务服务中心(北票市博物馆、北票市文物考古研究所、北票市尹湛纳希纪念馆),http://www.ihchina.cn/Article/Index/getProject.html?category_id=16&type=1&limit=100&p=2,2026-08-06T10:14:56+00:00,12284,
subitem_12285,I-53,I-53,I-53,满族民间故事,民间文学,2,2008,new,辽宁省文学艺术界联合会民间文艺家协会,辽宁省,辽宁省,210100,210102,"辽宁省文学艺术界联合会民间文艺家协会 <br /> <br /> 满族民间故事主要分布于辽东满族文化圈内,辽东满族文化圈是指被辽沈满族民众称为“东山里”的长白山余脉广大区域",辽宁省文化遗产保护中心（辽宁省非物质文化遗产保护中心）,辽宁省文化遗产保护中心(辽宁省非物质文化遗产保护中心),http://www.ihchina.cn/Article/Index/getProject.html?category_id=16&type=1&limit=100&p=2,2026-08-06T10:14:56+00:00,12285,
subitem_12286,I-54,I-54,I-54,徐文长故事,民间文学,2,2008,new,浙江省绍兴市,浙江省,浙江省,330600,,"浙江省绍兴市 <br /> <br /> 徐文长故事是汉民族重要的机智人物故事之一,产生于明代中晚期,至今绵延不绝",绍兴市文化馆、绍兴市非物质文化遗产保护中心,绍兴市文化馆、绍兴市非物质文化遗产保护中心,http://www.ihchina.cn/Article/Index/getProject.html?category_id=16&type=1&limit=100&p=2,2026-08-06T10:14:56+00:00,12286,
subitem_12287,I-55,I-55,I-55,崂山民间故事,民间文学,2,2008,new,山东省青岛市崂山区,山东省,山东省,370200,370212,"山东省青岛市崂山区 <br /> <br /> 崂山传说是山东崂山人民千百年来集体创作的口头文学,讲述者包括农民、渔民、道士、僧人、读书人和手工业者等",青岛市崂山区文化旅游产业协会,青岛市崂山区文化旅游产业协会,http://www.ihchina.cn/Article/Index/getProject.html?category_id=16&type=1&limit=100&p=2,2026-08-06T10:14:56+00:00,12287,
subitem_12288,I-56,I-56,I-56,都镇湾故事,民间文学,2,2008,new,湖北省长阳土家族自治县,湖北省,湖北省,420500,420528,"湖北省长阳土家族自治县 <br /> <br /> 都镇湾故事包括天体、大地、山川、河流起源,人畜起源,动植物传说,神仙传说,帝王传说,地名传说,风物传说,习俗传说,以及机智人物故事、动植物故事、幻想故事、精怪故事、生活故事、革命故事、笑话寓言等多种类型和题材的口头叙事作品,主要分布在湖北省长阳土家族自治县都镇湾的杜家冲、十五溪、庄溪和龙潭坪等地区",长阳土家族自治县民族民间传统文化保护中心,长阳土家族自治县民族民间传统文化保护中心,http://www.ihchina.cn/Article/Index/getProject.html?category_id=16&type=1&limit=100&p=2,2026-08-06T10:14:56+00:00,12288,
subitem_12289,I-57,I-57,I-57,盘古神话,民间文学,2,2008,new,河南省桐柏县,河南省,河南省,411300,411330,"河南省桐柏县 <br /> <br /> 河南省桐柏县、泌阳县盘古神话群主要包括创世神话、人类起源神话及惩恶扬善、恩泽子孙的神话等,内容涉及开天辟地、世界毁灭、滚磨成亲、繁衍人类、体化万物等,反映出原始先民对大自然的崇拜,体现了先民的原始宇宙观",桐柏县人民文化馆,桐柏县人民文化馆,http://www.ihchina.cn/Article/Index/getProject.html?category_id=16&type=1&limit=100&p=2,2026-08-06T10:14:56+00:00,12289,
subitem_12290,I-57,I-57,I-57,盘古神话,民间文学,2,2008,new,河南省泌阳县,河南省,河南省,411700,411726,"河南省泌阳县 <br /> <br /> 河南省桐柏县、泌阳县盘古神话群主要包括创世神话、人类起源神话及惩恶扬善、恩泽子孙的神话等,内容涉及开天辟地、世界毁灭、滚磨成亲、繁衍人类、体化万物等,反映出原始先民对大自然的崇拜,体现了先民的原始宇宙观",泌阳县文化馆,泌阳县文化馆,http://www.ihchina.cn/Article/Index/getProject.html?category_id=16&type=1&limit=100&p=2,2026-08-06T10:14:56+00:00,12290,
subitem_12291,I-58,I-58,I-58,邵原神话群,民间文学,2,2008,new,河南省济源市,河南省,河南省,419001,,河南省济源市 <br /> <br /> 河南邵原及周边地区有许多创世神话广为流传,济源市邵原镇女娲文化研究基地,济源市邵原镇女娲文化研究基地,http://www.ihchina.cn/Article/Index/getProject.html?category_id=16&type=1&limit=100&p=2,2026-08-06T10:14:56+00:00,12291,
subitem_12292,I-59,I-59,I-59,嘎达梅林,民间文学,2,2008,new,内蒙古自治区科尔沁左翼中旗,内蒙古自治区,内蒙古自治区,150500,150521,"内蒙古自治区科尔沁左翼中旗 <br /> <br /> 蒙古族长篇叙事歌“嘎达梅林”产生于内蒙古科尔沁左翼中旗,流传于周边许多地方",科尔沁左翼中旗文化遗产保护中心,科尔沁左翼中旗文化遗产保护中心,http://www.ihchina.cn/Article/Index/getProject.html?category_id=16&type=1&limit=100&p=2,2026-08-06T10:14:56+00:00,12292,
subitem_12184,I-6,I-6,I-6,白蛇传传说,民间文学,1,2006,new,江苏省镇江市,江苏省,江苏省,321100,,"江苏省镇江市 <br /> <br /> 白蛇传传说是我国民间文学中的一颗璀璨明珠,所塑造的白娘子、许仙、法海和小青等人物形象,表达了广大人民对人性解放的渴望,是中华民族宝贵的精神文化遗产",镇江市非物质文化遗产保护中心,镇江市非物质文化遗产保护中心,http://www.ihchina.cn/Article/Index/getProject.html?category_id=16&type=1&limit=100&p=1,2026-08-06T10:14:53+00:00,12184,
subitem_12185,I-6,I-6,I-6,白蛇传传说,民间文学,1,2006,new,浙江省杭州市,浙江省,浙江省,330100,,"浙江省杭州市 <br /> <br /> 白蛇传传说是我国民间文学中的一颗璀璨明珠,所塑造的白娘子、许仙、法海和小青等人物形象,表达了广大人民对人性解放的渴望,是中华民族宝贵的精神文化遗产",杭州市文化馆（杭州市非物质文化遗产保护中心）,杭州市文化馆(杭州市非物质文化遗产保护中心),http://www.ihchina.cn/Article/Index/getProject.html?category_id=16&type=1&limit=100&p=1,2026-08-06T10:14:53+00:00,12185,
subitem_12293,I-60,I-60,I-60,科尔沁潮尔史诗,民间文学,2,2008,new,内蒙古自治区,内蒙古自治区,内蒙古自治区,,,"内蒙古自治区 <br /> <br /> 科尔沁潮尔史诗流行于内蒙古东部的通辽市、兴安盟一带,是蒙古族史诗的一种地方性传统演述形式",内蒙古师范大学,内蒙古师范大学,http://www.ihchina.cn/Article/Index/getProject.html?category_id=16&type=1&limit=100&p=2,2026-08-06T10:14:56+00:00,12293,
subitem_12294,I-61,I-61,I-61,仰阿莎,民间文学,2,2008,new,贵州省黔东南苗族侗族自治州,贵州省,贵州省,522600,,"贵州省黔东南苗族侗族自治州 <br /> <br /> 仰阿莎是流传于贵州省黔东南苗族侗族自治州及毗邻地区的苗族长篇叙事歌,长达万余行,是迄今为止发现的苗族最长的叙事歌",黔东南苗族侗族自治州文化研究所,黔东南苗族侗族自治州文化研究所,http://www.ihchina.cn/Article/Index/getProject.html?category_id=16&type=1&limit=100&p=2,2026-08-06T10:14:56+00:00,12294,
subitem_12295,I-62,I-62,I-62,布依族盘歌,民间文学,2,2008,new,贵州省盘县,贵州省,贵州省,520200,520222,"贵州省盘县 <br /> <br /> 布依族盘歌是布依族的传统民歌,流传于贵州省北盘江流域的布依村寨,六盘水市盘县羊场布依族白族苗族乡境内的布依族盘歌最具代表性",盘州市非物质文化遗产保护中心,盘州市非物质文化遗产保护中心,http://www.ihchina.cn/Article/Index/getProject.html?category_id=16&type=1&limit=100&p=2,2026-08-06T10:14:56+00:00,12295,
subitem_12296,I-63,I-63,I-63,梅葛,民间文学,2,2008,new,云南省楚雄彝族自治州,云南省,云南省,532300,,"云南省楚雄彝族自治州 <br /> <br /> 姚安口传彝族梅葛起源于云南省楚雄彝族自治州姚安县官屯乡,历史悠久,具有广泛的群众性",楚雄彝族自治州非物质文化遗产保护中心,楚雄彝族自治州非物质文化遗产保护中心,http://www.ihchina.cn/Article/Index/getProject.html?category_id=16&type=1&limit=100&p=2,2026-08-06T10:14:56+00:00,12296,
subitem_12297,I-64,I-64,I-64,查姆,民间文学,2,2008,new,云南省双柏县,云南省,云南省,532300,532322,"云南省双柏县 <br /> <br /> 查姆是流传于云南省双柏县大麦地镇、安龙堡乡等彝族地区的彝族民间创世史诗,具有悠久的历史",双柏县文化馆,双柏县文化馆,http://www.ihchina.cn/Article/Index/getProject.html?category_id=16&type=1&limit=100&p=2,2026-08-06T10:14:56+00:00,12297,
subitem_12298,I-65,I-65,I-65,达古达楞格莱标,民间文学,2,2008,new,云南省德宏傣族景颇族自治州,云南省,云南省,533100,,"云南省德宏傣族景颇族自治州 <br /> <br /> 达古达楞格莱标是德昂族民间创世神话史诗,流传于我国云南省西部德宏傣族景颇族自治州、保山市隆阳区潞江坝乡和西南部临沧市镇康、耿马、永德、双江县及缅甸掸邦、佤邦一带",德宏州文化馆,德宏州文化馆,http://www.ihchina.cn/Article/Index/getProject.html?category_id=16&type=1&limit=100&p=2,2026-08-06T10:14:56+00:00,12298,
subitem_12299,I-66,I-66,I-66,哈尼哈吧,民间文学,2,2008,new,云南省元阳县,云南省,云南省,532500,532528,"云南省元阳县 <br /> <br /> 哈尼哈吧哈尼语意为哈尼古歌,是哈尼族社会生活中流传广泛、影响深远的民间歌谣,是有别于哈尼族山歌、情歌、儿歌等的庄重、典雅的古老歌唱形式",元阳县文化馆,元阳县文化馆,http://www.ihchina.cn/Article/Index/getProject.html?category_id=16&type=1&limit=100&p=2,2026-08-06T10:14:56+00:00,12299,
subitem_12300,I-67,I-67,I-67,召树屯与喃木诺娜,民间文学,2,2008,new,云南省西双版纳傣族自治州,云南省,云南省,532800,,"云南省西双版纳傣族自治州 <br /> <br /> 口传长诗召树屯与喃木诺娜是傣族最著名、最优秀且流传最广泛的爱情赞美诗,在西双版纳傣族地区和东南亚地区广为流传",西双版纳傣族自治州文化馆,西双版纳傣族自治州文化馆,http://www.ihchina.cn/Article/Index/getProject.html?category_id=16&type=1&limit=100&p=2,2026-08-06T10:14:56+00:00,12300,
subitem_12301,I-68,I-68,I-68,米拉尕黑,民间文学,2,2008,new,甘肃省东乡族自治县,甘肃省,甘肃省,622900,622926,"甘肃省东乡族自治县 <br /> <br /> 米拉尕黑(东乡语音译,“米拉”是小的意思,“尕黑”是哥哥的意思)是东乡族最著名的民间长诗,大约产生于明代,在东乡族民间口耳相传已有五百多年",东乡族自治县文化馆,东乡族自治县文化馆,http://www.ihchina.cn/Article/Index/getProject.html?category_id=16&type=1&limit=100&p=2,2026-08-06T10:14:56+00:00,12301,
subitem_12302,I-69,I-69,I-69,康巴拉伊,民间文学,2,2008,new,青海省治多县,青海省,青海省,632700,632724,"青海省治多县 <br /> <br /> 康巴拉伊源自藏族古老的口头传统文学,是藏族传统韵文体说唱形式,由12部分组成,在康巴及其周边地区广泛流传,是藏族青年男女表达感情的重要形式",治多县民族语文工作中心,治多县民族语文工作中心,http://www.ihchina.cn/Article/Index/getProject.html?category_id=16&type=1&limit=100&p=2,2026-08-06T10:14:56+00:00,12302,
subitem_12186,I-7,I-7,I-7,梁祝传说,民间文学,1,2006,new,江苏省宜兴市,江苏省,江苏省,320200,320282,"江苏省宜兴市 <br /> <br /> 梁山伯与祝英台传说是我国四大民间传说之一,是中华文化的瑰宝",宜兴市华夏梁祝文化研究会,宜兴市华夏梁祝文化研究会,http://www.ihchina.cn/Article/Index/getProject.html?category_id=16&type=1&limit=100&p=1,2026-08-06T10:14:53+00:00,12186,
subitem_12187,I-7,I-7,I-7,梁祝传说,民间文学,1,2006,new,浙江省杭州市,浙江省,浙江省,330100,,"浙江省杭州市 <br /> <br /> 梁山伯与祝英台传说是我国四大民间传说之一,是中华文化的瑰宝",杭州市文化馆（杭州市非物质文化遗产保护中心）,杭州市文化馆(杭州市非物质文化遗产保护中心),http://www.ihchina.cn/Article/Index/getProject.html?category_id=16&type=1&limit=100&p=1,2026-08-06T10:14:53+00:00,12187,
subitem_12188,I-7,I-7,I-7,梁祝传说,民间文学,1,2006,new,浙江省宁波市,浙江省,浙江省,330200,,"浙江省宁波市 <br /> <br /> 梁山伯与祝英台传说是我国四大民间传说之一,是中华文化的瑰宝",宁波梁祝文化园管理有限公司,宁波梁祝文化园管理有限公司,http://www.ihchina.cn/Article/Index/getProject.html?category_id=16&type=1&limit=100&p=1,2026-08-06T10:14:53+00:00,12188,
subitem_12189,I-7,I-7,I-7,梁祝传说,民间文学,1,2006,new,浙江省上虞市,浙江省,浙江省,330600,330682,"浙江省上虞市 <br /> <br /> 梁山伯与祝英台传说是我国四大民间传说之一,是中华文化的瑰宝",绍兴市上虞区文化馆（区非物质遗产保护中心）,绍兴市上虞区文化馆(区非物质遗产保护中心),http://www.ihchina.cn/Article/Index/getProject.html?category_id=16&type=1&limit=100&p=1,2026-08-06T10:14:53+00:00,12189,
subitem_12190,I-7,I-7,I-7,梁祝传说,民间文学,1,2006,new,山东省济宁市,山东省,山东省,370800,,"山东省济宁市 <br /> <br /> 梁山伯与祝英台传说是我国四大民间传说之一,是中华文化的瑰宝",济宁市梁祝文化研究会,济宁市梁祝文化研究会,http://www.ihchina.cn/Article/Index/getProject.html?category_id=16&type=1&limit=100&p=1,2026-08-06T10:14:53+00:00,12190,
subitem_12191,I-7,I-7,I-7,梁祝传说,民间文学,1,2006,new,河南省汝南县,河南省,河南省,411700,411727,"河南省汝南县 <br /> <br /> 梁山伯与祝英台传说是我国四大民间传说之一,是中华文化的瑰宝",汝南县文化馆,汝南县文化馆,http://www.ihchina.cn/Article/Index/getProject.html?category_id=16&type=1&limit=100&p=1,2026-08-06T10:14:53+00:00,12191,
subitem_12303,I-70,I-70,I-70,汗青格勒,民间文学,2,2008,new,青海省海西蒙古族藏族自治州,青海省,青海省,632800,,青海省海西蒙古族藏族自治州 <br /> <br /> 青海海西蒙古族英雄史诗汗青格勒主要流传于海西蒙古族藏族自治州蒙古族聚居的地区,海西州文化馆（海西州非物质文化遗产传承保护中心、 海西州民族文化体育活动中心）,海西州文化馆(海西州非物质文化遗产传承保护中心、 海西州民族文化体育活动中心),http://www.ihchina.cn/Article/Index/getProject.html?category_id=16&type=1&limit=100&p=2,2026-08-06T10:14:56+00:00,12303,
subitem_12304,I-71,I-71,I-71,维吾尔族达斯坦,民间文学,2,2008,new,新疆维吾尔自治区,新疆维吾尔自治区,新疆维吾尔自治区,,,"新疆维吾尔自治区 <br /> <br /> 维吾尔族达斯坦是维吾尔族叙事的总称,它所涉及的内容非常广泛,根据内容和形式可分为英雄达斯坦、爱情达斯坦、历史达斯坦和江那麦达斯坦几种,主要流传于新疆维吾尔自治区",新疆维吾尔自治区民间文艺家协会,新疆维吾尔自治区民间文艺家协会,http://www.ihchina.cn/Article/Index/getProject.html?category_id=16&type=1&limit=100&p=2,2026-08-06T10:14:56+00:00,12304,
subitem_12305,I-72,I-72,I-72,哈萨克族达斯坦,民间文学,2,2008,new,新疆维吾尔自治区文学艺术界联合会民间文艺家协会,新疆维吾尔自治区,新疆维吾尔自治区,650100,,"新疆维吾尔自治区文学艺术界联合会民间文艺家协会 <br /> <br /> 哈萨克族达斯坦包括神话、传说及内容丰富的生活故事等,是哈萨克族民间文学中最古老、最受人喜爱的文学种类,其创作与哈萨克族历史上的重大事件有关,主要分布在新疆哈萨克族居住的28个县内",新疆维吾尔自治区民间文艺家协会,新疆维吾尔自治区民间文艺家协会,http://www.ihchina.cn/Article/Index/getProject.html?category_id=16&type=1&limit=100&p=2,2026-08-06T10:14:56+00:00,12305,
subitem_12306,I-72,I-72,I-72,哈萨克族达斯坦,民间文学,2,2008,new,新疆维吾尔自治区沙湾县,新疆维吾尔自治区,新疆维吾尔自治区,654200,654223,"新疆维吾尔自治区沙湾县 <br /> <br /> 哈萨克族达斯坦包括神话、传说及内容丰富的生活故事等,是哈萨克族民间文学中最古老、最受人喜爱的文学种类,其创作与哈萨克族历史上的重大事件有关,主要分布在新疆哈萨克族居住的28个县内",沙湾县文化馆,沙湾县文化馆,http://www.ihchina.cn/Article/Index/getProject.html?category_id=16&type=1&limit=100&p=2,2026-08-06T10:14:56+00:00,12306,
subitem_12307,I-72,I-72,I-72,哈萨克族达斯坦,民间文学,2,2008,new,新疆维吾尔自治区福海县,新疆维吾尔自治区,新疆维吾尔自治区,654300,654323,"新疆维吾尔自治区福海县 <br /> <br /> 哈萨克族达斯坦包括神话、传说及内容丰富的生活故事等,是哈萨克族民间文学中最古老、最受人喜爱的文学种类,其创作与哈萨克族历史上的重大事件有关,主要分布在新疆哈萨克族居住的28个县内",福海县文化馆,福海县文化馆,http://www.ihchina.cn/Article/Index/getProject.html?category_id=16&type=1&limit=100&p=2,2026-08-06T10:14:56+00:00,12307,
subitem_12308,I-73,I-73,I-73,珠郎娘美,民间文学,2,2008,new,贵州省榕江县,贵州省,贵州省,522600,522632,"贵州省榕江县 <br /> <br /> 侗族民间故事珠郎娘美源出古州(今贵州省榕江县),后流传于贵州省黎平、从江等县的侗族地区,再后流传到广西三江、龙胜、融水和湖南通道等侗族聚居县",榕江县非物质文化遗产保护中心,榕江县非物质文化遗产保护中心,http://www.ihchina.cn/Article/Index/getProject.html?category_id=16&type=1&limit=100&p=2,2026-08-06T10:14:56+00:00,12308,
subitem_12309,I-73,I-73,I-73,珠郎娘美,民间文学,2,2008,new,贵州省从江县,贵州省,贵州省,522600,522633,"贵州省从江县 <br /> <br /> 侗族民间故事珠郎娘美源出古州(今贵州省榕江县),后流传于贵州省黎平、从江等县的侗族地区,再后流传到广西三江、龙胜、融水和湖南通道等侗族聚居县",从江县非物质文化遗产保护中心,从江县非物质文化遗产保护中心,http://www.ihchina.cn/Article/Index/getProject.html?category_id=16&type=1&limit=100&p=2,2026-08-06T10:14:56+00:00,12309,
subitem_12310,I-74,I-74,I-74,司岗里,民间文学,2,2008,new,云南省沧源佤族自治县,云南省,云南省,530900,530927,"云南省沧源佤族自治县 <br /> <br /> 司岗里是广泛流传于佤族民间的口述文学,它以云南省沧源佤族自治县为中心,在邻近各县市及周边国家的佤族聚居区广泛流传",沧源佤族自治县文化馆,沧源佤族自治县文化馆,http://www.ihchina.cn/Article/Index/getProject.html?category_id=16&type=1&limit=100&p=2,2026-08-06T10:14:56+00:00,12310,
subitem_12311,I-74,I-74,I-74,司岗里,民间文学,3,2011,extension,云南省西盟佤族自治县,云南省,云南省,530800,530829,"云南省西盟佤族自治县 <br /> <br /> 佤族创世史诗《司岗里》,流传于云南省的沧源、澜沧以及西盟佤族自治县",西盟佤族自治县文化馆,西盟佤族自治县文化馆,http://www.ihchina.cn/Article/Index/getProject.html?category_id=16&type=1&limit=100&p=2,2026-08-06T10:14:56+00:00,12311,
subitem_12312,I-75,I-75,I-75,彝族克智,民间文学,2,2008,new,四川省美姑县,四川省,四川省,513400,513436,"四川省美姑县 <br /> <br /> 彝族口头论辩克智是在婚礼、丧葬、节庆等集会场所由主客双方论辩手临场演述的一种诗体口承文学,是彝族民间语言艺术中内容最丰富、形式最灵活,最具知识性、趣味性、娱乐性、竞技性的表现形式",美姑县文化馆,美姑县文化馆,http://www.ihchina.cn/Article/Index/getProject.html?category_id=16&type=1&limit=100&p=2,2026-08-06T10:14:56+00:00,12312,
subitem_12313,I-76,I-76,I-76,苗族贾理,民间文学,2,2008,new,贵州省黔东南苗族侗族自治州,贵州省,贵州省,522600,,"贵州省黔东南苗族侗族自治州 <br /> <br /> 苗族贾理是黔东南苗族地区经典的历史文化记忆集成,它集创世神话、族源传说、支系谱牒、知识技艺、原始宗教信俗、民俗仪礼、伦理道德、诉讼理辞和典型案例于一身,荟萃了苗族的原典文化,集中反映了苗族的精神情感和智慧意识",黔东南苗族侗族自治州文化研究所,黔东南苗族侗族自治州文化研究所,http://www.ihchina.cn/Article/Index/getProject.html?category_id=16&type=1&limit=100&p=2,2026-08-06T10:14:56+00:00,12313,
subitem_12314,I-77,I-77,I-77,藏族婚宴十八说,民间文学,2,2008,new,青海省,青海省,青海省,,,青海省 <br /> <br /> 藏族婚宴十八说是流传在青海省东部农业区藏族聚居地的一种民间口头文学,青海省文化馆,青海省文化馆,http://www.ihchina.cn/Article/Index/getProject.html?category_id=16&type=1&limit=100&p=2,2026-08-06T10:14:56+00:00,12314,
subitem_12315,I-78,I-78,I-78,童谣(北京童谣),民间文学,2,2008,new,北京市宣武区,北京市,北京市,110100,110102,"北京市宣武区 <br /> <br /> 童谣指传唱于儿童之口的没有乐谱的歌谣,是流传于全国各地的一种由特殊群体念唱、传播,具有特殊意义的民谣种类",北京市宣武师范学校附属第一小学,北京市宣武师范学校附属第一小学,http://www.ihchina.cn/Article/Index/getProject.html?category_id=16&type=1&limit=100&p=2,2026-08-06T10:14:56+00:00,12315,
subitem_12316,I-78,I-78,I-78,童谣(闽南童谣),民间文学,2,2008,new,福建省厦门市,福建省,福建省,350200,,"福建省厦门市 <br /> <br /> 童谣指传唱于儿童之口的没有乐谱的歌谣,是流传于全国各地的一种由特殊群体念唱、传播,具有特殊意义的民谣种类",厦门市集美区灌口小学（福建省厦门实验小学集美分校）,厦门市集美区灌口小学(福建省厦门实验小学集美分校),http://www.ihchina.cn/Article/Index/getProject.html?category_id=16&type=1&limit=100&p=2,2026-08-06T10:14:56+00:00,12316,
subitem_12317,I-78,I-78,I-78,童谣(绍兴童谣),民间文学,4,2014,extension,浙江省绍兴市,浙江省,浙江省,330600,,浙江省绍兴市,绍兴市文化馆、绍兴市非物质文化遗产保护中心,绍兴市文化馆、绍兴市非物质文化遗产保护中心,http://www.ihchina.cn/Article/Index/getProject.html?category_id=16&type=1&limit=100&p=2,2026-08-06T10:14:56+00:00,12317,
subitem_23636,I-78,I-78,I-78,童谣(纳西族童谣),民间文学,5,2021,extension,云南省丽江市古城区,云南省,云南省,530700,530702,云南省丽江市古城区,古城区非物质文化遗产保护管理中心,古城区非物质文化遗产保护管理中心,http://www.ihchina.cn/Article/Index/getProject.html?category_id=16&type=1&limit=100&p=2,2026-08-06T10:14:56+00:00,23636,
subitem_12318,I-79,I-79,I-79,桐城歌,民间文学,2,2008,new,安徽省桐城市,安徽省,安徽省,340800,340881,"安徽省桐城市 <br /> <br /> 桐城歌是起源于安徽省桐城市的一种地方歌调,是劳动人民集体创作的一种韵文形式",桐城市文化馆,桐城市文化馆,http://www.ihchina.cn/Article/Index/getProject.html?category_id=16&type=1&limit=100&p=2,2026-08-06T10:14:56+00:00,12318,
subitem_12192,I-8,I-8,I-8,孟姜女传说,民间文学,1,2006,new,山东省淄博市,山东省,山东省,370300,,"山东省淄博市 <br /> <br /> 据《左传》“襄公二十三年”载:公元前550年(春秋时期,齐庄公四年)秋,齐国将军杞梁率兵攻打莒国(今山东莒县),不幸身亡",淄博市淄川区公共文化服务中心（加挂淄川区文化馆、淄川区美术馆牌子）,淄博市淄川区公共文化服务中心(加挂淄川区文化馆、淄川区美术馆牌子),http://www.ihchina.cn/Article/Index/getProject.html?category_id=16&type=1&limit=100&p=1,2026-08-06T10:14:53+00:00,12192,
subitem_12193,I-8,I-8,I-8,孟姜女传说,民间文学,2,2008,extension,河北省秦皇岛市,河北省,河北省,130300,,"河北省秦皇岛市 <br /> <br /> 孟姜女传说在战国时期即见端倪,明清以来大为盛行,是各地戏曲、唱本等俗文学作品的常见题材,主要揭露封建社会繁重的徭役和剥削,歌颂忠贞的爱情",秦皇岛市山海关区文化馆,秦皇岛市山海关区文化馆,http://www.ihchina.cn/Article/Index/getProject.html?category_id=16&type=1&limit=100&p=1,2026-08-06T10:14:53+00:00,12193,
subitem_12194,I-8,I-8,I-8,孟姜女传说,民间文学,2,2008,extension,湖南省津市市,湖南省,湖南省,430700,430781,"湖南省津市市 <br /> <br /> 孟姜女传说在战国时期即见端倪,明清以来大为盛行,是各地戏曲、唱本等俗文学作品的常见题材,主要揭露封建社会繁重的徭役和剥削,歌颂忠贞的爱情",津市市文化馆（津市市美术馆）,津市市文化馆(津市市美术馆),http://www.ihchina.cn/Article/Index/getProject.html?category_id=16&type=1&limit=100&p=1,2026-08-06T10:14:53+00:00,12194,
subitem_12195,I-8,I-8,I-8,孟姜女传说,民间文学,3,2011,extension,山东省莒县,山东省,山东省,371100,371122,"山东省莒县 <br /> <br /> 孟姜女传说的滥觞,源于齐国对莒国发动战争",莒县文化馆,莒县文化馆,http://www.ihchina.cn/Article/Index/getProject.html?category_id=16&type=1&limit=100&p=1,2026-08-06T10:14:53+00:00,12195,
subitem_12196,I-8,I-8,I-8,孟姜女传说,民间文学,4,2014,extension,山东省莱芜市莱城区,山东省,山东省,371200,371202,山东省莱芜市莱城区,济南市文化馆（济南市非物质文化遗产保护中心、济南市艺术创作研究院）,济南市文化馆(济南市非物质文化遗产保护中心、济南市艺术创作研究院),http://www.ihchina.cn/Article/Index/getProject.html?category_id=16&type=1&limit=100&p=1,2026-08-06T10:14:53+00:00,12196,
subitem_12319,I-80,I-80,I-80,土家族梯玛歌,民间文学,2,2008,new,湖南省龙山县,湖南省,湖南省,433100,433130,"湖南省龙山县 <br /> <br /> 梯玛歌是土家族长篇史诗,主要分布在湘西酉水流域的龙山、保靖、永顺和古丈四县",龙山县非物质文化遗产保护中心,龙山县非物质文化遗产保护中心,http://www.ihchina.cn/Article/Index/getProject.html?category_id=16&type=1&limit=100&p=2,2026-08-06T10:14:56+00:00,12319,
subitem_12320,I-81,I-81,I-81,雷州歌,民间文学,2,2008,new,广东省雷州市,广东省,广东省,440800,440882,"广东省雷州市 <br /> <br /> 雷州歌主要流行于广东省湛江市雷州半岛使用雷州方言(属闽南语系雷州语支)的十个县(市)区,它记载了雷州人诞生、迁徙、劳动、生存的历史状况,在宋代即已见诸史书",雷州市雷歌研究会,雷州市雷歌研究会,http://www.ihchina.cn/Article/Index/getProject.html?category_id=16&type=1&limit=100&p=2,2026-08-06T10:14:56+00:00,12320,
subitem_12321,I-82,I-82,I-82,壮族嘹歌,民间文学,2,2008,new,广西壮族自治区平果县,广西壮族自治区,广西壮族自治区,451000,451023,"广西壮族自治区平果县 <br /> <br /> 壮族嘹歌是著名的壮族长篇古歌,它在长期口头传诵后经壮族文人加工,用古壮字记录下来并在格式上作了适当规范,形成较为完整的歌谣集",平果市文化体育推广中心（平果市民俗文化传承展示中心）,平果市文化体育推广中心(平果市民俗文化传承展示中心),http://www.ihchina.cn/Article/Index/getProject.html?category_id=16&type=1&limit=100&p=2,2026-08-06T10:14:56+00:00,12321,
subitem_12322,I-83,I-83,I-83,柯尔克孜约隆,民间文学,2,2008,new,新疆师范大学,新疆维吾尔自治区,新疆维吾尔自治区,650100,,"新疆师范大学 <br /> <br /> 柯尔克孜约隆是帕米尔克普恰克部落特有的习俗歌,它种类繁多,包括劝嫁约隆、迎客约隆、谜语约隆、对唱约隆、讽刺约隆、劝善约隆、弹拨约隆及女性约隆、男性约隆等",新疆师范大学,新疆师范大学,http://www.ihchina.cn/Article/Index/getProject.html?category_id=16&type=1&limit=100&p=2,2026-08-06T10:14:56+00:00,12322,
subitem_12323,I-83,I-83,I-83,柯尔克孜约隆,民间文学,2,2008,new,新疆维吾尔自治区阿克陶县,新疆维吾尔自治区,新疆维吾尔自治区,653000,653022,"新疆维吾尔自治区阿克陶县 <br /> <br /> 柯尔克孜约隆是帕米尔克普恰克部落特有的习俗歌,它种类繁多,包括劝嫁约隆、迎客约隆、谜语约隆、对唱约隆、讽刺约隆、劝善约隆、弹拨约隆及女性约隆、男性约隆等",新疆阿克陶县文化馆,新疆阿克陶县文化馆,http://www.ihchina.cn/Article/Index/getProject.html?category_id=16&type=1&limit=100&p=2,2026-08-06T10:14:56+00:00,12323,
subitem_12324,I-84,I-84,I-84,笑话(万荣笑话),民间文学,2,2008,new,山西省万荣县,山西省,山西省,140800,140822,"山西省万荣县 <br /> <br /> 万荣笑话是流传于山西省的民间文学形式之一,万荣人以幽默、诙谐的性格演绎着对生活的理解与热爱,创造了为人所津津乐道的万荣笑话",万荣县笑话发展协会,万荣县笑话发展协会,http://www.ihchina.cn/Article/Index/getProject.html?category_id=16&type=1&limit=100&p=2,2026-08-06T10:14:56+00:00,12324,
subitem_12325,I-85,I-85,I-85,天坛传说,民间文学,3,2011,new,北京市东城区,北京市,北京市,110100,110101,"北京市东城区 <br /> <br /> 天坛始建于明永乐十八年(1420),明清两代帝王在此祭天、祈谷和祈雨",北京市天坛公园管理处,北京市天坛公园管理处,http://www.ihchina.cn/Article/Index/getProject.html?category_id=16&type=1&limit=100&p=2,2026-08-06T10:14:56+00:00,12325,
subitem_12326,I-86,I-86,I-86,曹雪芹传说,民间文学,3,2011,new,北京市海淀区,北京市,北京市,110100,110108,"北京市海淀区 <br /> <br /> 曹雪芹(西山)传说是主要流传于北京香山、寿安山、金山—被称为“小西山”一带、以曹雪芹其人和《红楼梦》为题材的民间传说,属于“人物传说”",北京市植物园,北京市植物园,http://www.ihchina.cn/Article/Index/getProject.html?category_id=16&type=1&limit=100&p=2,2026-08-06T10:14:56+00:00,12326,
subitem_12327,I-87,I-87,I-87,契丹始祖传说,民间文学,3,2011,new,河北省平泉县,河北省,河北省,130800,130823,河北省平泉县 <br /> <br /> 契丹始祖传说历史悠久,平泉市文化馆,平泉市文化馆,http://www.ihchina.cn/Article/Index/getProject.html?category_id=16&type=1&limit=100&p=2,2026-08-06T10:14:56+00:00,12327,
subitem_12328,I-88,I-88,I-88,赵氏孤儿传说,民间文学,3,2011,new,山西省盂县,山西省,山西省,140300,140322,"山西省盂县 <br /> <br /> 春秋时期,晋国国君晋景公听信权臣屠岸贾谗言,致使赵氏家族三百余口被满门抄斩,义士程婴和公孙杵臼将赵盾之孙赵武救出,策马逃入千里之外的盂山(今盂县藏山)藏匿15年之久",盂县人民文化馆,盂县人民文化馆,http://www.ihchina.cn/Article/Index/getProject.html?category_id=16&type=1&limit=100&p=2,2026-08-06T10:14:56+00:00,12328,
subitem_12329,I-89,I-89,I-89,白马拖缰传说,民间文学,3,2011,new,山西省晋城市城区,山西省,山西省,140500,140502,"山西省晋城市城区 <br /> <br /> 白马拖缰传说的基本母题(梗概)是:相传,一个砍柴少年为财主打柴,路遇一老者向其索柴取暖",晋城市城区文化馆,晋城市城区文化馆,http://www.ihchina.cn/Article/Index/getProject.html?category_id=16&type=1&limit=100&p=2,2026-08-06T10:14:56+00:00,12329,
subitem_12197,I-9,I-9,I-9,董永传说,民间文学,1,2006,new,山西省万荣县,山西省,山西省,140800,140822,山西省万荣县 <br /> <br /> 董永传说最早载于西汉刘向的《孝子传(图)》,万荣县文化馆,万荣县文化馆,http://www.ihchina.cn/Article/Index/getProject.html?category_id=16&type=1&limit=100&p=1,2026-08-06T10:14:54+00:00,12197,
subitem_12198,I-9,I-9,I-9,董永传说,民间文学,1,2006,new,江苏省东台市,江苏省,江苏省,320900,320981,江苏省东台市 <br /> <br /> 董永传说最早载于西汉刘向的《孝子传(图)》,东台市文化馆,东台市文化馆,http://www.ihchina.cn/Article/Index/getProject.html?category_id=16&type=1&limit=100&p=1,2026-08-06T10:14:54+00:00,12198,
subitem_12199,I-9,I-9,I-9,董永传说,民间文学,1,2006,new,河南省武陟县,河南省,河南省,410800,410823,河南省武陟县 <br /> <br /> 董永传说最早载于西汉刘向的《孝子传(图)》,武陟县董永文化服务中心,武陟县董永文化服务中心,http://www.ihchina.cn/Article/Index/getProject.html?category_id=16&type=1&limit=100&p=1,2026-08-06T10:14:54+00:00,12199,
subitem_12200,I-9,I-9,I-9,董永传说,民间文学,1,2006,new,湖北省孝感市,湖北省,湖北省,420900,,湖北省孝感市 <br /> <br /> 董永传说最早载于西汉刘向的《孝子传(图)》,孝感市群众艺术馆（孝感市非物质文化遗产保护中心）,孝感市群众艺术馆(孝感市非物质文化遗产保护中心),http://www.ihchina.cn/Article/Index/getProject.html?category_id=16&type=1&limit=100&p=1,2026-08-06T10:14:54+00:00,12200,
subitem_12201,I-9,I-9,I-9,董永传说,民间文学,2,2008,extension,山东省博兴县,山东省,山东省,371600,371625,"山东省博兴县 <br /> <br /> 董永传说是我国广为流传的四大民间传说之一,最早载于西汉刘向的《孝子传(图)》",博兴县文化馆,博兴县文化馆,http://www.ihchina.cn/Article/Index/getProject.html?category_id=16&type=1&limit=100&p=1,2026-08-06T10:14:54+00:00,12201,
subitem_12202,I-9,I-9,I-9,董永传说,民间文学,2,2008,extension,江苏省金坛市,江苏省,江苏省,320400,320482,"江苏省金坛市 <br /> <br /> 董永传说是我国广为流传的四大民间传说之一,最早载于西汉刘向的《孝子传(图)》",常州市金坛区文化馆,常州市金坛区文化馆,http://www.ihchina.cn/Article/Index/getProject.html?category_id=16&type=1&limit=100&p=1,2026-08-06T10:14:54+00:00,12202,
subitem_12203,I-9,I-9,I-9,董永传说,民间文学,3,2011,extension,江苏省丹阳市,江苏省,江苏省,321100,321181,"江苏省丹阳市 <br /> <br /> 董永传说渊源久远,是当代中国最为流行的传说故事之一,在江苏省丹阳市也得到广泛传承",丹阳市文化馆,丹阳市文化馆,http://www.ihchina.cn/Article/Index/getProject.html?category_id=16&type=1&limit=100&p=1,2026-08-06T10:14:54+00:00,12203,
subitem_12330,I-90,I-90,I-90,舜的传说,民间文学,3,2011,new,山西省沁水县,山西省,山西省,140500,140521,"山西省沁水县 <br /> <br /> 舜,有虞氏,亦称虞舜,是神话传说中的三皇五帝之一",沁水县文化馆,沁水县文化馆,http://www.ihchina.cn/Article/Index/getProject.html?category_id=16&type=1&limit=100&p=2,2026-08-06T10:14:56+00:00,12330,
subitem_12331,I-90,I-90,I-90,舜的传说,民间文学,3,2011,new,山东省诸城市,山东省,山东省,370700,370782,"山东省诸城市 <br /> <br /> 舜,有虞氏,亦称虞舜,是神话传说中的三皇五帝之一",诸城市文化馆,诸城市文化馆,http://www.ihchina.cn/Article/Index/getProject.html?category_id=16&type=1&limit=100&p=2,2026-08-06T10:14:56+00:00,12331,
subitem_12332,I-91,I-91,I-91,禹的传说,民间文学,3,2011,new,四川省北川羌族自治县,四川省,四川省,510700,510726,"四川省北川羌族自治县 <br /> <br /> 鲧禹治水神话,已有几千年流传史",北川羌族自治县文化馆,北川羌族自治县文化馆,http://www.ihchina.cn/Article/Index/getProject.html?category_id=16&type=1&limit=100&p=2,2026-08-06T10:14:56+00:00,12332,
subitem_12333,I-91,I-91,I-91,禹的传说,民间文学,3,2011,new,四川省汶川县,四川省,四川省,513200,513221,"四川省汶川县 <br /> <br /> 鲧禹治水神话,已有几千年流传史",汶川县文化馆,汶川县文化馆,http://www.ihchina.cn/Article/Index/getProject.html?category_id=16&type=1&limit=100&p=2,2026-08-06T10:14:56+00:00,12333,
subitem_23637,I-91,I-91,I-91,禹的传说(武汉大禹治水传说),民间文学,5,2021,extension,湖北省武汉市汉阳区,湖北省,湖北省,420100,420105,湖北省武汉市汉阳区,武汉市晴川阁管理处（武汉大禹文化博物馆）,武汉市晴川阁管理处(武汉大禹文化博物馆),http://www.ihchina.cn/Article/Index/getProject.html?category_id=16&type=1&limit=100&p=2,2026-08-06T10:14:56+00:00,23637,
subitem_12334,I-92,I-92,I-92,防风传说,民间文学,3,2011,new,浙江省德清县,浙江省,浙江省,330500,330521,"浙江省德清县 <br /> <br /> 防风氏是上古神话中的一位治水英雄,在会稽山群神相会时,因迟到而被大禹所戮",德清县文化馆,德清县文化馆,http://www.ihchina.cn/Article/Index/getProject.html?category_id=16&type=1&limit=100&p=2,2026-08-06T10:14:56+00:00,12334,
subitem_12335,I-93,I-93,I-93,盘瓠传说,民间文学,3,2011,new,湖南省泸溪县,湖南省,湖南省,433100,433122,"湖南省泸溪县 <br /> <br /> 盘瓠传说的基本内容是:古时,高辛王帝喾与犬戎国交战,屡战不胜,只因犬戎国的吴将军十分厉害,高辛王颁旨,谁取得吴将军首级,许女为妻,赏金封地",泸溪县非物质文化遗产保护中心,泸溪县非物质文化遗产保护中心,http://www.ihchina.cn/Article/Index/getProject.html?category_id=16&type=1&limit=100&p=2,2026-08-06T10:14:56+00:00,12335,
subitem_12336,I-94,I-94,I-94,庄子传说,民间文学,3,2011,new,山东省东明县,山东省,山东省,371700,371728,"山东省东明县 <br /> <br /> 东明,古曰东昏,位居山东省菏泽市西部",山东省东明县文化馆,山东省东明县文化馆,http://www.ihchina.cn/Article/Index/getProject.html?category_id=16&type=1&limit=100&p=2,2026-08-06T10:14:56+00:00,12336,
subitem_12337,I-95,I-95,I-95,柳毅传说,民间文学,3,2011,new,山东省潍坊市寒亭区,山东省,山东省,370700,370703,山东省潍坊市寒亭区 <br /> <br /> 柳毅传说在寒亭区朱里镇柳毅山周边地区流传很广,潍坊市寒亭区文化馆,潍坊市寒亭区文化馆,http://www.ihchina.cn/Article/Index/getProject.html?category_id=16&type=1&limit=100&p=2,2026-08-06T10:14:56+00:00,12337,
subitem_12338,I-96,I-96,I-96,禅宗祖师传说,民间文学,3,2011,new,湖北省黄梅县,湖北省,湖北省,421100,421127,"湖北省黄梅县 <br /> <br /> 黄梅禅宗祖师传说是民间版的佛教文学,这些故事大多产生于隋唐",黄梅县文化馆,黄梅县文化馆,http://www.ihchina.cn/Article/Index/getProject.html?category_id=16&type=1&limit=100&p=2,2026-08-06T10:14:56+00:00,12338,
subitem_23638,I-96,I-96,I-96,禅宗祖师传说(六祖传说),民间文学,5,2021,extension,广东省云浮市新兴县,广东省,广东省,445300,445321,广东省云浮市新兴县,新兴县文化馆,新兴县文化馆,http://www.ihchina.cn/Article/Index/getProject.html?category_id=16&type=1&limit=100&p=2,2026-08-06T10:14:56+00:00,23638,
subitem_12339,I-97,I-97,I-97,布袋和尚传说,民间文学,3,2011,new,浙江省奉化市,浙江省,浙江省,330200,330283,"浙江省奉化市 <br /> <br /> 布袋和尚,唐末五代著名僧人,是一位真实的历史人物",宁波市奉化区文化馆,宁波市奉化区文化馆,http://www.ihchina.cn/Article/Index/getProject.html?category_id=16&type=1&limit=100&p=2,2026-08-06T10:14:56+00:00,12339,
subitem_12340,I-98,I-98,I-98,钱王传说,民间文学,3,2011,new,浙江省临安市,浙江省,浙江省,330100,330185,浙江省临安市 <br /> <br /> 钱王传说是以吴越国王钱镠生平事迹衍化而成的民间传说,杭州市临安区文化馆（杭州市临安区非物质文化遗产保护中心）,杭州市临安区文化馆(杭州市临安区非物质文化遗产保护中心),http://www.ihchina.cn/Article/Index/getProject.html?category_id=16&type=1&limit=100&p=2,2026-08-06T10:14:56+00:00,12340,
subitem_12341,I-99,I-99,I-99,苏东坡传说,民间文学,3,2011,new,浙江省杭州市,浙江省,浙江省,330100,,"浙江省杭州市 <br /> <br /> 苏东坡传说,是有关北宋大文豪苏东坡的传说故事群",杭州西湖博物馆总馆（西湖学研究院、杭州西湖风景名胜区网宣中心）,杭州西湖博物馆总馆(西湖学研究院、杭州西湖风景名胜区网宣中心),http://www.ihchina.cn/Article/Index/getProject.html?category_id=16&type=1&limit=100&p=2,2026-08-06T10:14:56+00:00,12341,
subitem_12342,I-99,I-99,I-99,苏东坡传说,民间文学,4,2014,extension,湖北省黄冈市,湖北省,湖北省,421100,,湖北省黄冈市,黄冈市群众艺术馆（黄冈市民俗博物馆）,黄冈市群众艺术馆(黄冈市民俗博物馆),http://www.ihchina.cn/Article/Index/getProject.html?category_id=16&type=1&limit=100&p=2,2026-08-06T10:14:56+00:00,12342,
