project_code,project_name,category,batch_no,publish_year,entry_type,region_raw,province,protection_unit_normalized,source_url,collected_at
I-1,苗族古歌,民间文学,1,2006,new,贵州省黄平县,贵州省,黄平县非物质文化遗产保护中心,http://www.ihchina.cn/Article/Index/getProject.html?category_id=16&type=1&limit=100&p=1,2026-08-06T10:14:53+00:00
I-1,苗族古歌,民间文学,1,2006,new,贵州省台江县,贵州省,台江县非物质文化遗产保护中心,http://www.ihchina.cn/Article/Index/getProject.html?category_id=16&type=1&limit=100&p=1,2026-08-06T10:14:53+00:00
I-1,苗族古歌,民间文学,3,2011,extension,湖南省花垣县,湖南省,花垣县非物质文化遗产保护中心,http://www.ihchina.cn/Article/Index/getProject.html?category_id=16&type=1&limit=100&p=1,2026-08-06T10:14:53+00:00
I-1,苗族古歌(簪汪传),民间文学,5,2021,extension,贵州省贵阳市清镇市,贵州省,清镇市文化馆,http://www.ihchina.cn/Article/Index/getProject.html?category_id=16&type=1&limit=100&p=1,2026-08-06T10:14:53+00:00
I-10,西施传说,民间文学,1,2006,new,浙江省诸暨市,浙江省,诸暨市博物馆,http://www.ihchina.cn/Article/Index/getProject.html?category_id=16&type=1&limit=100&p=1,2026-08-06T10:14:54+00:00
I-100,王羲之传说,民间文学,3,2011,new,浙江省绍兴市,浙江省,绍兴市文化馆、绍兴市非物质文化遗产保护中心,http://www.ihchina.cn/Article/Index/getProject.html?category_id=16&type=1&limit=100&p=2,2026-08-06T10:14:56+00:00
I-101,李时珍传说,民间文学,3,2011,new,湖北省蕲春县,湖北省,蕲春县文化馆,http://www.ihchina.cn/Article/Index/getProject.html?category_id=16&type=1&limit=100&p=2,2026-08-06T10:14:56+00:00
I-102,蔡伦造纸传说,民间文学,3,2011,new,陕西省汉中市,陕西省,汉中市民间文艺家协会,http://www.ihchina.cn/Article/Index/getProject.html?category_id=16&type=1&limit=100&p=2,2026-08-06T10:14:56+00:00
I-103,牡丹传说,民间文学,3,2011,new,山东省菏泽市牡丹区,山东省,菏泽市牡丹区文化馆,http://www.ihchina.cn/Article/Index/getProject.html?category_id=16&type=1&limit=100&p=2,2026-08-06T10:14:56+00:00
I-104,泰山传说,民间文学,3,2011,new,山东省泰安市,山东省,泰安市泰山风景名胜区管理委员会(泰山林场),http://www.ihchina.cn/Article/Index/getProject.html?category_id=16&type=1&limit=100&p=2,2026-08-06T10:14:56+00:00
I-105,黄鹤楼传说,民间文学,3,2011,new,湖北省武汉市武昌区,湖北省,武汉市黄鹤楼公园管理处,http://www.ihchina.cn/Article/Index/getProject.html?category_id=16&type=1&limit=100&p=2,2026-08-06T10:14:56+00:00
I-106,烂柯山的传说,民间文学,3,2011,new,山西省陵川县,山西省,陵川县文化馆(陵川县上党梆子传习所),http://www.ihchina.cn/Article/Index/getProject.html?category_id=16&type=1&limit=100&p=2,2026-08-06T10:14:56+00:00
I-106,烂柯山的传说,民间文学,3,2011,new,浙江省衢州市,浙江省,衢州市文化馆(衢州市非物质文化遗产保护中心),http://www.ihchina.cn/Article/Index/getProject.html?category_id=16&type=1&limit=100&p=2,2026-08-06T10:14:56+00:00
I-107,珞巴族始祖传说,民间文学,3,2011,new,西藏自治区米林县,西藏自治区,西藏林芝市米林县文化和旅游局,http://www.ihchina.cn/Article/Index/getProject.html?category_id=16&type=1&limit=100&p=2,2026-08-06T10:14:56+00:00
I-108,阿尼玛卿雪山传说,民间文学,3,2011,new,青海省果洛藏族自治州,青海省,果洛州文化馆(果洛州非物质文化遗产传承保护中心、果洛州群众体育指导服务中心),http://www.ihchina.cn/Article/Index/getProject.html?category_id=16&type=1&limit=100&p=2,2026-08-06T10:14:56+00:00
I-109,锡伯族民间故事,民间文学,3,2011,new,辽宁省沈阳市,辽宁省,沈阳市于洪区文化旅游体育事务服务中心,http://www.ihchina.cn/Article/Index/getProject.html?category_id=16&type=1&limit=100&p=2,2026-08-06T10:14:56+00:00
I-11,济公传说,民间文学,1,2006,new,浙江省天台县,浙江省,台州市天台山文化研究会,http://www.ihchina.cn/Article/Index/getProject.html?category_id=16&type=1&limit=100&p=1,2026-08-06T10:14:54+00:00
I-110,嘉黎民间故事,民间文学,3,2011,new,西藏自治区嘉黎县,西藏自治区,西藏那曲市嘉黎县文化和旅游局,http://www.ihchina.cn/Article/Index/getProject.html?category_id=16&type=1&limit=100&p=2,2026-08-06T10:14:56+00:00
I-111,海洋动物故事,民间文学,3,2011,new,浙江省洞头县,浙江省,温州市洞头区民间文艺工作者协会,http://www.ihchina.cn/Article/Index/getProject.html?category_id=16&type=1&limit=100&p=2,2026-08-06T10:14:56+00:00
I-112,土家族哭嫁歌,民间文学,3,2011,new,湖南省古丈县,湖南省,古丈县非物质文化遗产保护中心,http://www.ihchina.cn/Article/Index/getProject.html?category_id=16&type=1&limit=100&p=2,2026-08-06T10:14:56+00:00
I-112,土家族哭嫁歌,民间文学,3,2011,new,湖南省永顺县,湖南省,永顺县非物质文化遗产保护中心,http://www.ihchina.cn/Article/Index/getProject.html?category_id=16&type=1&limit=100&p=2,2026-08-06T10:14:56+00:00
I-113,坡芽情歌,民间文学,3,2011,new,云南省富宁县,云南省,富宁县文化馆,http://www.ihchina.cn/Article/Index/getProject.html?category_id=16&type=1&limit=100&p=2,2026-08-06T10:14:56+00:00
I-114,祝赞词,民间文学,3,2011,new,内蒙古自治区东乌珠穆沁旗,内蒙古自治区,东乌珠穆沁旗文化馆,http://www.ihchina.cn/Article/Index/getProject.html?category_id=16&type=1&limit=100&p=2,2026-08-06T10:14:56+00:00
I-114,祝赞词,民间文学,3,2011,new,新疆维吾尔自治区博湖县,新疆维吾尔自治区,博湖县非物质文化遗产保护中心,http://www.ihchina.cn/Article/Index/getProject.html?category_id=16&type=1&limit=100&p=2,2026-08-06T10:14:56+00:00
I-114,祝赞词,民间文学,3,2011,new,新疆维吾尔自治区和布克赛尔蒙古自治县,新疆维吾尔自治区,和布克赛尔蒙古自治县非物质文化遗产保护中心,http://www.ihchina.cn/Article/Index/getProject.html?category_id=16&type=1&limit=100&p=2,2026-08-06T10:14:56+00:00
I-114,祝赞词(肃北蒙古族祝赞词),民间文学,5,2021,extension,甘肃省酒泉市肃北蒙古族自治县,甘肃省,肃北蒙古族自治县文化馆,http://www.ihchina.cn/Article/Index/getProject.html?category_id=16&type=1&limit=100&p=2,2026-08-06T10:14:56+00:00
I-115,黑暗传,民间文学,3,2011,new,湖北省保康县,湖北省,保康县文化馆,http://www.ihchina.cn/Article/Index/getProject.html?category_id=16&type=1&limit=100&p=2,2026-08-06T10:14:56+00:00
I-115,黑暗传,民间文学,3,2011,new,湖北省神农架林区,湖北省,神农架林区群众艺术馆,http://www.ihchina.cn/Article/Index/getProject.html?category_id=16&type=1&limit=100&p=2,2026-08-06T10:14:56+00:00
I-116,陶克陶胡,民间文学,3,2011,new,吉林省前郭尔罗斯蒙古族自治县,吉林省,前郭尔罗斯蒙古族自治县文化工作总站(前郭县非物质文化遗产保护中心),http://www.ihchina.cn/Article/Index/getProject.html?category_id=16&type=1&limit=100&p=2,2026-08-06T10:14:56+00:00
I-117,密洛陀,民间文学,3,2011,new,广西壮族自治区都安瑶族自治县,广西壮族自治区,都安瑶族自治县文化馆,http://www.ihchina.cn/Article/Index/getProject.html?category_id=16&type=1&limit=100&p=2,2026-08-06T10:14:56+00:00
I-118,亚鲁王,民间文学,3,2011,new,贵州省紫云苗族布依族自治县,贵州省,紫云苗族布依族自治县亚鲁王文化研究中心,http://www.ihchina.cn/Article/Index/getProject.html?category_id=16&type=1&limit=100&p=2,2026-08-06T10:14:56+00:00
I-119,目瑙斋瓦,民间文学,3,2011,new,云南省德宏傣族景颇族自治州,云南省,德宏州文化馆,http://www.ihchina.cn/Article/Index/getProject.html?category_id=16&type=1&limit=100&p=2,2026-08-06T10:14:56+00:00
I-12,满族说部,民间文学,1,2006,new,吉林省,吉林省,吉林省艺术研究院(吉林省文化行业特有工种职业技能鉴定站、吉林省东北二人转博物馆、吉林省非物质文化遗产保护中心),http://www.ihchina.cn/Article/Index/getProject.html?category_id=16&type=1&limit=100&p=1,2026-08-06T10:14:54+00:00
I-12,满族说部(孙吴县满语故事),民间文学,5,2021,extension,黑龙江省黑河市孙吴县,黑龙江省,孙吴县文化馆,http://www.ihchina.cn/Article/Index/getProject.html?category_id=16&type=1&limit=100&p=1,2026-08-06T10:14:54+00:00
I-120,洛奇洛耶与扎斯扎依,民间文学,3,2011,new,云南省墨江哈尼族自治县,云南省,墨江哈尼族自治县文化馆,http://www.ihchina.cn/Article/Index/getProject.html?category_id=16&type=1&limit=100&p=2,2026-08-06T10:14:56+00:00
I-121,阿细先基,民间文学,3,2011,new,云南省弥勒县,云南省,弥勒市文化馆,http://www.ihchina.cn/Article/Index/getProject.html?category_id=16&type=1&limit=100&p=2,2026-08-06T10:14:56+00:00
I-122,羌戈大战,民间文学,3,2011,new,四川省汶川县,四川省,汶川县文化馆,http://www.ihchina.cn/Article/Index/getProject.html?category_id=16&type=1&limit=100&p=3,2026-08-06T10:14:57+00:00
I-123,恰克恰克,民间文学,3,2011,new,新疆维吾尔自治区伊宁市,新疆维吾尔自治区,伊宁市文化馆,http://www.ihchina.cn/Article/Index/getProject.html?category_id=16&type=1&limit=100&p=3,2026-08-06T10:14:57+00:00
I-124,酉阳古歌,民间文学,3,2011,new,重庆市酉阳土家族苗族自治县,重庆市,酉阳土家族苗族自治县文化馆(酉阳土家族苗族自治县文化生态保护中心、酉阳土家族苗族自治县非物质文化遗产保护中心),http://www.ihchina.cn/Article/Index/getProject.html?category_id=16&type=1&limit=100&p=3,2026-08-06T10:14:57+00:00
I-125,谚语(沪谚),民间文学,3,2011,new,上海市闵行区,上海市,上海市闵行区浦江镇文化体育事业发展中心,http://www.ihchina.cn/Article/Index/getProject.html?category_id=16&type=1&limit=100&p=3,2026-08-06T10:14:57+00:00
I-125,谚语(陕北民谚),民间文学,4,2014,extension,陕西省榆林市,陕西省,榆林市公共文化服务中心(榆林市博物馆、榆林市图书馆、榆林市文化馆),http://www.ihchina.cn/Article/Index/getProject.html?category_id=16&type=1&limit=100&p=3,2026-08-06T10:14:57+00:00
I-125,谚语(哈萨克族谚语),民间文学,5,2021,extension,新疆维吾尔自治区伊犁哈萨克自治州特克斯县,新疆维吾尔自治区,特克斯县文化馆,http://www.ihchina.cn/Article/Index/getProject.html?category_id=16&type=1&limit=100&p=3,2026-08-06T10:14:57+00:00
I-126,卢沟桥传说,民间文学,4,2014,new,北京市丰台区,北京市,北京市丰台区文化馆,http://www.ihchina.cn/Article/Index/getProject.html?category_id=16&type=1&limit=100&p=3,2026-08-06T10:14:57+00:00
I-127,鬼谷子传说,民间文学,4,2014,new,河北省临漳县,河北省,临漳县文化馆,http://www.ihchina.cn/Article/Index/getProject.html?category_id=16&type=1&limit=100&p=3,2026-08-06T10:14:57+00:00
I-128,东海孝妇传说,民间文学,4,2014,new,江苏省连云港市,江苏省,连云港市孝文化研究会,http://www.ihchina.cn/Article/Index/getProject.html?category_id=16&type=1&limit=100&p=3,2026-08-06T10:14:57+00:00
I-129,刘阮传说,民间文学,4,2014,new,浙江省天台县,浙江省,台州市天台山文化研究会,http://www.ihchina.cn/Article/Index/getProject.html?category_id=16&type=1&limit=100&p=3,2026-08-06T10:14:57+00:00
I-13,河西宝卷,民间文学,1,2006,new,甘肃省武威市凉州区,甘肃省,凉州区文化馆,http://www.ihchina.cn/Article/Index/getProject.html?category_id=16&type=1&limit=100&p=1,2026-08-06T10:14:54+00:00
I-13,河西宝卷,民间文学,1,2006,new,甘肃省酒泉市肃州区,甘肃省,肃州区文化馆,http://www.ihchina.cn/Article/Index/getProject.html?category_id=16&type=1&limit=100&p=1,2026-08-06T10:14:54+00:00
I-13,宝卷(靖江宝卷),民间文学,2,2008,extension,江苏省靖江市,江苏省,靖江市文化馆,http://www.ihchina.cn/Article/Index/getProject.html?category_id=16&type=1&limit=100&p=1,2026-08-06T10:14:54+00:00
I-13,宝卷(河西宝卷),民间文学,2,2008,extension,甘肃省张掖市,甘肃省,张掖市文化馆(张掖市非物质文化遗产传承保护中心),http://www.ihchina.cn/Article/Index/getProject.html?category_id=16&type=1&limit=100&p=1,2026-08-06T10:14:54+00:00
I-13,宝卷(吴地宝卷),民间文学,4,2014,extension,江苏省苏州市,江苏省,苏州市非物质文化遗产保护管理办公室(苏州市文化研究中心),http://www.ihchina.cn/Article/Index/getProject.html?category_id=16&type=1&limit=100&p=1,2026-08-06T10:14:54+00:00
I-13,宝卷(岷县宝卷),民间文学,5,2021,extension,甘肃省定西市岷县,甘肃省,岷县文化馆,http://www.ihchina.cn/Article/Index/getProject.html?category_id=16&type=1&limit=100&p=1,2026-08-06T10:14:54+00:00
I-130,孔雀东南飞传说,民间文学,4,2014,new,安徽省怀宁县,安徽省,怀宁县文化馆,http://www.ihchina.cn/Article/Index/getProject.html?category_id=16&type=1&limit=100&p=3,2026-08-06T10:14:57+00:00
I-130,孔雀东南飞传说,民间文学,4,2014,new,安徽省潜山县,安徽省,潜山市文化馆,http://www.ihchina.cn/Article/Index/getProject.html?category_id=16&type=1&limit=100&p=3,2026-08-06T10:14:57+00:00
I-131,老子传说,民间文学,4,2014,new,安徽省涡阳县,安徽省,涡阳县文化馆,http://www.ihchina.cn/Article/Index/getProject.html?category_id=16&type=1&limit=100&p=3,2026-08-06T10:14:57+00:00
I-131,老子传说,民间文学,4,2014,new,河南省灵宝市,河南省,灵宝市文化馆,http://www.ihchina.cn/Article/Index/getProject.html?category_id=16&type=1&limit=100&p=3,2026-08-06T10:14:57+00:00
I-132,陈三五娘传说,民间文学,4,2014,new,福建省泉州市洛江区,福建省,泉州市洛江区文化馆,http://www.ihchina.cn/Article/Index/getProject.html?category_id=16&type=1&limit=100&p=3,2026-08-06T10:14:57+00:00
I-133,胡峄阳传说,民间文学,4,2014,new,山东省青岛市城阳区,山东省,青岛城阳流亭峄阳文化园,http://www.ihchina.cn/Article/Index/getProject.html?category_id=16&type=1&limit=100&p=3,2026-08-06T10:14:57+00:00
I-134,孟母教子传说,民间文学,4,2014,new,山东省邹城市,山东省,邹城市文化旅游公共服务中心(邹城市图书馆、邹城市文化馆),http://www.ihchina.cn/Article/Index/getProject.html?category_id=16&type=1&limit=100&p=3,2026-08-06T10:14:57+00:00
I-135,河图洛书传说,民间文学,4,2014,new,河南省洛阳市,河南省,洛阳市文化馆(洛阳市非物质文化遗产保护中心),http://www.ihchina.cn/Article/Index/getProject.html?category_id=16&type=1&limit=100&p=3,2026-08-06T10:14:57+00:00
I-136,杞人忧天传说,民间文学,4,2014,new,河南省杞县,河南省,杞县人民文化馆(杞县送戏下乡艺术团),http://www.ihchina.cn/Article/Index/getProject.html?category_id=16&type=1&limit=100&p=3,2026-08-06T10:14:57+00:00
I-137,三国传说,民间文学,4,2014,new,湖北省,湖北省,湖北省群众艺术馆(湖北省非物质文化遗产保护中心),http://www.ihchina.cn/Article/Index/getProject.html?category_id=16&type=1&limit=100&p=3,2026-08-06T10:14:57+00:00
I-138,伯牙子期传说,民间文学,4,2014,new,湖北省武汉市,湖北省,武汉市群众艺术馆,http://www.ihchina.cn/Article/Index/getProject.html?category_id=16&type=1&limit=100&p=3,2026-08-06T10:14:57+00:00
I-139,尹吉甫传说,民间文学,4,2014,new,湖北省房县,湖北省,房县文化馆,http://www.ihchina.cn/Article/Index/getProject.html?category_id=16&type=1&limit=100&p=3,2026-08-06T10:14:57+00:00
I-14,耿村民间故事,民间文学,1,2006,new,河北省藁城市,河北省,石家庄市藁城区文化馆,http://www.ihchina.cn/Article/Index/getProject.html?category_id=16&type=1&limit=100&p=1,2026-08-06T10:14:54+00:00
I-140,苏仙传说,民间文学,4,2014,new,湖南省郴州市苏仙区,湖南省,郴州市苏仙区文化馆,http://www.ihchina.cn/Article/Index/getProject.html?category_id=16&type=1&limit=100&p=3,2026-08-06T10:14:57+00:00
I-141,毕阿史拉则传说,民间文学,4,2014,new,四川省金阳县,四川省,金阳县文化馆,http://www.ihchina.cn/Article/Index/getProject.html?category_id=16&type=1&limit=100&p=3,2026-08-06T10:14:57+00:00
I-142,仓颉传说,民间文学,4,2014,new,陕西省白水县,陕西省,白水县文化馆,http://www.ihchina.cn/Article/Index/getProject.html?category_id=16&type=1&limit=100&p=3,2026-08-06T10:14:57+00:00
I-142,仓颉传说,民间文学,4,2014,new,陕西省洛南县,陕西省,洛南县文化馆,http://www.ihchina.cn/Article/Index/getProject.html?category_id=16&type=1&limit=100&p=3,2026-08-06T10:14:57+00:00
I-143,骆驼泉传说,民间文学,4,2014,new,青海省循化撒拉族自治县,青海省,循化撒拉族自治县文化馆,http://www.ihchina.cn/Article/Index/getProject.html?category_id=16&type=1&limit=100&p=3,2026-08-06T10:14:57+00:00
I-144,回族民间故事,民间文学,4,2014,new,宁夏回族自治区泾源县,宁夏回族自治区,泾源县文化馆,http://www.ihchina.cn/Article/Index/getProject.html?category_id=16&type=1&limit=100&p=3,2026-08-06T10:14:57+00:00
I-145,广禅侯故事,民间文学,4,2014,new,山西省阳城县,山西省,阳城县文化馆,http://www.ihchina.cn/Article/Index/getProject.html?category_id=16&type=1&limit=100&p=3,2026-08-06T10:14:57+00:00
I-146,解缙故事,民间文学,4,2014,new,江西省吉水县,江西省,吉水县文化馆,http://www.ihchina.cn/Article/Index/getProject.html?category_id=16&type=1&limit=100&p=3,2026-08-06T10:14:57+00:00
I-147,壮族百鸟衣故事,民间文学,4,2014,new,广西壮族自治区横县,广西壮族自治区,横县文化馆(横县非物质文化遗产保护中心),http://www.ihchina.cn/Article/Index/getProject.html?category_id=16&type=1&limit=100&p=3,2026-08-06T10:14:57+00:00
I-148,阿凡提故事,民间文学,4,2014,new,新疆维吾尔自治区喀什地区,新疆维吾尔自治区,喀什地区文化馆,http://www.ihchina.cn/Article/Index/getProject.html?category_id=16&type=1&limit=100&p=3,2026-08-06T10:14:57+00:00
I-149,广阳镇民间故事,民间文学,4,2014,new,重庆市南岸区,重庆市,重庆市南岸区文化馆,http://www.ihchina.cn/Article/Index/getProject.html?category_id=16&type=1&limit=100&p=3,2026-08-06T10:14:57+00:00
I-15,伍家沟民间故事,民间文学,1,2006,new,湖北省丹江口市,湖北省,丹江口市文化馆,http://www.ihchina.cn/Article/Index/getProject.html?category_id=16&type=1&limit=100&p=1,2026-08-06T10:14:54+00:00
I-150,西王母神话,民间文学,4,2014,new,新疆维吾尔自治区阜康市,新疆维吾尔自治区,新疆天池管理委员会(新疆天山天池风景名胜区管理委员会、新疆天池博格达峰自然保护区管理局),http://www.ihchina.cn/Article/Index/getProject.html?category_id=16&type=1&limit=100&p=3,2026-08-06T10:14:57+00:00
I-151,盘王大歌,民间文学,4,2014,new,湖南省江华瑶族自治县,湖南省,江华瑶族自治县文化馆,http://www.ihchina.cn/Article/Index/getProject.html?category_id=16&type=1&limit=100&p=3,2026-08-06T10:14:57+00:00
I-152,玛牧,民间文学,4,2014,new,四川省喜德县,四川省,喜德县文化馆(喜德县美术馆),http://www.ihchina.cn/Article/Index/getProject.html?category_id=16&type=1&limit=100&p=3,2026-08-06T10:14:57+00:00
I-153,黑白战争,民间文学,4,2014,new,云南省丽江市古城区,云南省,古城区非物质文化遗产保护管理中心,http://www.ihchina.cn/Article/Index/getProject.html?category_id=16&type=1&limit=100&p=3,2026-08-06T10:14:57+00:00
I-154,祁家延西,民间文学,4,2014,new,青海省互助土族自治县,青海省,互助土族自治县文化馆,http://www.ihchina.cn/Article/Index/getProject.html?category_id=16&type=1&limit=100&p=3,2026-08-06T10:14:57+00:00
I-155,常山喝彩歌谣,民间文学,4,2014,new,浙江省常山县,浙江省,常山县文化馆,http://www.ihchina.cn/Article/Index/getProject.html?category_id=16&type=1&limit=100&p=3,2026-08-06T10:14:57+00:00
I-156,八大处传说,民间文学,5,2021,new,北京市石景山区,北京市,北京市八大处公园管理处,http://www.ihchina.cn/Article/Index/getProject.html?category_id=16&type=1&limit=100&p=3,2026-08-06T10:14:57+00:00
I-157,玄奘传说,民间文学,5,2021,new,河南省洛阳市偃师区,河南省,洛阳市偃师区人民文化馆,http://www.ihchina.cn/Article/Index/getProject.html?category_id=16&type=1&limit=100&p=3,2026-08-06T10:14:57+00:00
I-158,女娲传说,民间文学,5,2021,new,湖北省十堰市竹山县,湖北省,竹山县文化馆,http://www.ihchina.cn/Article/Index/getProject.html?category_id=16&type=1&limit=100&p=3,2026-08-06T10:14:57+00:00
I-159,老司城传说,民间文学,5,2021,new,湖南省湘西土家族苗族自治州永顺县,湖南省,永顺县非物质文化遗产保护中心,http://www.ihchina.cn/Article/Index/getProject.html?category_id=16&type=1&limit=100&p=3,2026-08-06T10:14:57+00:00
I-16,下堡坪民间故事,民间文学,1,2006,new,湖北省宜昌市夷陵区,湖北省,宜昌市夷陵区文化馆,http://www.ihchina.cn/Article/Index/getProject.html?category_id=16&type=1&limit=100&p=1,2026-08-06T10:14:54+00:00
I-160,珠玑巷人南迁传说,民间文学,5,2021,new,广东省韶关市南雄市,广东省,南雄市非物质文化遗产传承保护中心,http://www.ihchina.cn/Article/Index/getProject.html?category_id=16&type=1&limit=100&p=3,2026-08-06T10:14:57+00:00
I-161,张骞传说,民间文学,5,2021,new,陕西省汉中市城固县,陕西省,城固县文化馆,http://www.ihchina.cn/Article/Index/getProject.html?category_id=16&type=1&limit=100&p=3,2026-08-06T10:14:57+00:00
I-162,藏族民间传说(年保玉则传说),民间文学,5,2021,new,青海省果洛藏族自治州久治县,青海省,久治县文化馆,http://www.ihchina.cn/Article/Index/getProject.html?category_id=16&type=1&limit=100&p=3,2026-08-06T10:14:57+00:00
I-163,鄂温克族民间故事,民间文学,5,2021,new,内蒙古自治区呼伦贝尔市鄂温克族自治旗,内蒙古自治区,鄂温克族自治旗文化旅游事业发展中心(鄂温克族自治旗文化馆、鄂温克族自治旗非物质文化遗产保护中心),http://www.ihchina.cn/Article/Index/getProject.html?category_id=16&type=1&limit=100&p=3,2026-08-06T10:14:57+00:00
I-164,包公故事,民间文学,5,2021,new,安徽省合肥市,安徽省,合肥市文化馆,http://www.ihchina.cn/Article/Index/getProject.html?category_id=16&type=1&limit=100&p=3,2026-08-06T10:14:57+00:00
I-165,仫佬族古歌,民间文学,5,2021,new,广西壮族自治区河池市罗城仫佬族自治县,广西壮族自治区,罗城仫佬族自治县文化馆,http://www.ihchina.cn/Article/Index/getProject.html?category_id=16&type=1&limit=100&p=3,2026-08-06T10:14:57+00:00
I-166,巴狄雄萨滚,民间文学,5,2021,new,贵州省铜仁市松桃苗族自治县,贵州省,松桃苗族自治县文化馆,http://www.ihchina.cn/Article/Index/getProject.html?category_id=16&type=1&limit=100&p=3,2026-08-06T10:14:57+00:00
I-167,都玛简收,民间文学,5,2021,new,云南省红河哈尼族彝族自治州绿春县,云南省,绿春县文化馆(绿春县非物质文化遗产保护中心),http://www.ihchina.cn/Article/Index/getProject.html?category_id=16&type=1&limit=100&p=3,2026-08-06T10:14:57+00:00
I-17,走马镇民间故事,民间文学,1,2006,new,重庆市九龙坡区,重庆市,重庆市九龙坡区文化馆,http://www.ihchina.cn/Article/Index/getProject.html?category_id=16&type=1&limit=100&p=1,2026-08-06T10:14:54+00:00
I-18,古渔雁民间故事,民间文学,1,2006,new,辽宁省大洼县,辽宁省,盘锦市大洼区文化体育旅游发展促进中心(大洼区总工会文体活动管理中心),http://www.ihchina.cn/Article/Index/getProject.html?category_id=16&type=1&limit=100&p=1,2026-08-06T10:14:54+00:00
I-19,喀左东蒙民间故事,民间文学,1,2006,new,辽宁省喀喇沁左翼蒙古族自治县,辽宁省,喀喇沁左翼蒙古族自治县公共文化和广播电视工作服务中心,http://www.ihchina.cn/Article/Index/getProject.html?category_id=16&type=1&limit=100&p=1,2026-08-06T10:14:54+00:00
I-2,布洛陀,民间文学,1,2006,new,广西壮族自治区田阳县,广西壮族自治区,田阳县文化馆,http://www.ihchina.cn/Article/Index/getProject.html?category_id=16&type=1&limit=100&p=1,2026-08-06T10:14:53+00:00
I-20,谭振山民间故事,民间文学,1,2006,new,辽宁省新民市,辽宁省,新民市文化馆(新民市考古和文物保护中心),http://www.ihchina.cn/Article/Index/getProject.html?category_id=16&type=1&limit=100&p=1,2026-08-06T10:14:54+00:00
I-21,河间歌诗,民间文学,1,2006,new,河北省河间市,河北省,河间市文化馆,http://www.ihchina.cn/Article/Index/getProject.html?category_id=16&type=1&limit=100&p=1,2026-08-06T10:14:54+00:00
I-22,吴歌,民间文学,1,2006,new,江苏省苏州市,江苏省,苏州市非物质文化遗产保护管理办公室(苏州市文化研究中心),http://www.ihchina.cn/Article/Index/getProject.html?category_id=16&type=1&limit=100&p=1,2026-08-06T10:14:54+00:00
I-22,吴歌,民间文学,2,2008,extension,上海市青浦区,上海市,上海市青浦区文化馆(上海青浦画院),http://www.ihchina.cn/Article/Index/getProject.html?category_id=16&type=1&limit=100&p=1,2026-08-06T10:14:54+00:00
I-22,吴歌,民间文学,2,2008,extension,江苏省无锡市,江苏省,无锡市锡山区吴歌锡剧研究会,http://www.ihchina.cn/Article/Index/getProject.html?category_id=16&type=1&limit=100&p=1,2026-08-06T10:14:54+00:00
I-23,刘三姐歌谣,民间文学,1,2006,new,广西壮族自治区宜州市,广西壮族自治区,河池市宜州区刘三姐文化传承中心(河池市宜州区非物质文化遗产保护中心),http://www.ihchina.cn/Article/Index/getProject.html?category_id=16&type=1&limit=100&p=1,2026-08-06T10:14:54+00:00
I-24,四季生产调,民间文学,1,2006,new,云南省红河哈尼族彝族自治州,云南省,红河哈尼族彝族自治州非物质文化遗产保护中心,http://www.ihchina.cn/Article/Index/getProject.html?category_id=16&type=1&limit=100&p=1,2026-08-06T10:14:54+00:00
I-25,玛纳斯,民间文学,1,2006,new,新疆维吾尔自治区文联民间文艺家协会,新疆维吾尔自治区,"新疆维吾尔自治区民间文艺家协会,新疆维吾尔自治区艺术研究所(新疆维吾尔自治区非物质文化遗产保护研究中心)",http://www.ihchina.cn/Article/Index/getProject.html?category_id=16&type=1&limit=100&p=1,2026-08-06T10:14:54+00:00
I-25,玛纳斯,民间文学,1,2006,new,新疆维吾尔自治区克孜勒苏柯尔克孜自治州,新疆维吾尔自治区,克孜勒苏柯尔克孜自治州非物质文化遗产保护(玛纳斯保护研究)中心,http://www.ihchina.cn/Article/Index/getProject.html?category_id=16&type=1&limit=100&p=1,2026-08-06T10:14:54+00:00
I-26,江格尔,民间文学,1,2006,new,新疆维吾尔自治区文联民间文艺家协会,新疆维吾尔自治区,新疆维吾尔自治区民间文艺家协会,http://www.ihchina.cn/Article/Index/getProject.html?category_id=16&type=1&limit=100&p=1,2026-08-06T10:14:54+00:00
I-26,江格尔,民间文学,1,2006,new,新疆维吾尔自治区博尔塔拉蒙古自治州,新疆维吾尔自治区,博尔塔拉蒙古自治州文化馆,http://www.ihchina.cn/Article/Index/getProject.html?category_id=16&type=1&limit=100&p=1,2026-08-06T10:14:54+00:00
I-26,江格尔,民间文学,1,2006,new,新疆维吾尔自治区巴音郭楞蒙古自治州,新疆维吾尔自治区,新疆巴音郭楞蒙古自治州文化馆,http://www.ihchina.cn/Article/Index/getProject.html?category_id=16&type=1&limit=100&p=1,2026-08-06T10:14:54+00:00
I-26,江格尔,民间文学,1,2006,new,新疆维吾尔自治区和布克塞尔蒙古自治县,新疆维吾尔自治区,和布克赛尔蒙古自治县非物质文化遗产保护中心,http://www.ihchina.cn/Article/Index/getProject.html?category_id=16&type=1&limit=100&p=1,2026-08-06T10:14:54+00:00
I-26,江格尔,民间文学,5,2021,extension,内蒙古自治区,内蒙古自治区,内蒙古自治区艺术研究院(内蒙古自治区非物质文化遗产保护中心),http://www.ihchina.cn/Article/Index/getProject.html?category_id=16&type=1&limit=100&p=1,2026-08-06T10:14:54+00:00
I-27,格萨(斯)尔,民间文学,1,2006,new,中国社会科学院《格萨(斯)尔》办公室,中直单位,中国社会科学院《格萨(斯)尔》办公室,http://www.ihchina.cn/Article/Index/getProject.html?category_id=16&type=1&limit=100&p=1,2026-08-06T10:14:54+00:00
I-27,格萨(斯)尔,民间文学,1,2006,new,内蒙古自治区,内蒙古自治区,内蒙古自治区少数民族古籍征集研究室,http://www.ihchina.cn/Article/Index/getProject.html?category_id=16&type=1&limit=100&p=1,2026-08-06T10:14:54+00:00
I-27,格萨(斯)尔,民间文学,1,2006,new,四川省,四川省,甘孜藏族自治州文化馆,http://www.ihchina.cn/Article/Index/getProject.html?category_id=16&type=1&limit=100&p=1,2026-08-06T10:14:54+00:00
I-27,格萨(斯)尔,民间文学,1,2006,new,云南省,云南省,迪庆藏族自治州非物质文化遗产保护中心,http://www.ihchina.cn/Article/Index/getProject.html?category_id=16&type=1&limit=100&p=1,2026-08-06T10:14:54+00:00
I-27,格萨(斯)尔,民间文学,1,2006,new,西藏自治区,西藏自治区,西藏自治区文化厅,http://www.ihchina.cn/Article/Index/getProject.html?category_id=16&type=1&limit=100&p=1,2026-08-06T10:14:54+00:00
I-27,格萨(斯)尔,民间文学,1,2006,new,甘肃省,甘肃省,西北民族大学,http://www.ihchina.cn/Article/Index/getProject.html?category_id=16&type=1&limit=100&p=1,2026-08-06T10:14:54+00:00
I-27,格萨(斯)尔,民间文学,1,2006,new,青海省,青海省,青海省文学艺术界联合会,http://www.ihchina.cn/Article/Index/getProject.html?category_id=16&type=1&limit=100&p=1,2026-08-06T10:14:54+00:00
I-27,格萨(斯)尔,民间文学,1,2006,new,新疆维吾尔自治区,新疆维吾尔自治区,新疆维吾尔自治区民间文艺家协会,http://www.ihchina.cn/Article/Index/getProject.html?category_id=16&type=1&limit=100&p=1,2026-08-06T10:14:54+00:00
I-27,格萨(斯)尔,民间文学,4,2014,extension,内蒙古自治区巴林右旗,内蒙古自治区,巴林右旗格斯尔文化研究发展中心,http://www.ihchina.cn/Article/Index/getProject.html?category_id=16&type=1&limit=100&p=1,2026-08-06T10:14:54+00:00
I-28,阿诗玛,民间文学,1,2006,new,云南省石林彝族自治县,云南省,石林彝族自治县阿诗玛文化传承与保护中心(石林彝族自治县阿诗玛文化研究所、石林彝族自治县非物质文化遗产保护中心),http://www.ihchina.cn/Article/Index/getProject.html?category_id=16&type=1&limit=100&p=1,2026-08-06T10:14:54+00:00
I-29,拉仁布与吉门索,民间文学,1,2006,new,青海省互助土族自治县,青海省,互助土族自治县文化馆,http://www.ihchina.cn/Article/Index/getProject.html?category_id=16&type=1&limit=100&p=1,2026-08-06T10:14:54+00:00
I-3,遮帕麻和遮咪麻,民间文学,1,2006,new,云南省梁河县,云南省,梁河县文化馆,http://www.ihchina.cn/Article/Index/getProject.html?category_id=16&type=1&limit=100&p=1,2026-08-06T10:14:53+00:00
I-30,畲族小说歌,民间文学,1,2006,new,福建省霞浦县,福建省,霞浦县福宁文化艺术交流中心,http://www.ihchina.cn/Article/Index/getProject.html?category_id=16&type=1&limit=100&p=1,2026-08-06T10:14:54+00:00
I-31,青林寺谜语,民间文学,1,2006,new,湖北省宜都市,湖北省,宜都市文化馆(宜都市文艺创作室),http://www.ihchina.cn/Article/Index/getProject.html?category_id=16&type=1&limit=100&p=1,2026-08-06T10:14:54+00:00
I-31,谜语(澄海灯谜),民间文学,2,2008,extension,广东省汕头市澄海区,广东省,汕头市澄海区文化馆,http://www.ihchina.cn/Article/Index/getProject.html?category_id=16&type=1&limit=100&p=1,2026-08-06T10:14:54+00:00
I-32,八达岭长城传说,民间文学,2,2008,new,北京市延庆县,北京市,北京市延庆区博物馆(北京市延庆区文物管理所),http://www.ihchina.cn/Article/Index/getProject.html?category_id=16&type=1&limit=100&p=1,2026-08-06T10:14:54+00:00
I-33,永定河传说,民间文学,2,2008,new,北京市石景山区,北京市,北京市石景山区非物质文化遗产保护中心,http://www.ihchina.cn/Article/Index/getProject.html?category_id=16&type=1&limit=100&p=1,2026-08-06T10:14:54+00:00
I-34,杨家将传说(穆桂英传说),民间文学,2,2008,new,北京市房山区,北京市,北京市房山区燕山文化馆,http://www.ihchina.cn/Article/Index/getProject.html?category_id=16&type=1&limit=100&p=1,2026-08-06T10:14:54+00:00
I-34,杨家将传说(杨家将说唱),民间文学,2,2008,new,山西省,山西省,广灵县文化馆,http://www.ihchina.cn/Article/Index/getProject.html?category_id=16&type=1&limit=100&p=1,2026-08-06T10:14:54+00:00
I-34,杨家将传说(杨七郎墓传说),民间文学,4,2014,extension,天津市宁河县,天津市,天津市宁河区文化馆,http://www.ihchina.cn/Article/Index/getProject.html?category_id=16&type=1&limit=100&p=1,2026-08-06T10:14:54+00:00
I-35,尧的传说,民间文学,2,2008,new,山西省绛县,山西省,绛县文化馆,http://www.ihchina.cn/Article/Index/getProject.html?category_id=16&type=1&limit=100&p=1,2026-08-06T10:14:54+00:00
I-35,尧的传说,民间文学,3,2011,extension,山东省菏泽市牡丹区,山东省,菏泽市牡丹区文化馆,http://www.ihchina.cn/Article/Index/getProject.html?category_id=16&type=1&limit=100&p=1,2026-08-06T10:14:54+00:00
I-36,牛郎织女传说,民间文学,2,2008,new,山西省和顺县,山西省,和顺县文化馆,http://www.ihchina.cn/Article/Index/getProject.html?category_id=16&type=1&limit=100&p=1,2026-08-06T10:14:54+00:00
I-36,牛郎织女传说,民间文学,2,2008,new,山东省沂源县,山东省,沂源县文化馆(沂源县非物质文化遗产保护中心、沂源县书画院),http://www.ihchina.cn/Article/Index/getProject.html?category_id=16&type=1&limit=100&p=1,2026-08-06T10:14:54+00:00
I-36,牛郎织女传说,民间文学,3,2011,extension,陕西省西安市长安区,陕西省,西咸新区沣东新城斗门街道办事处,http://www.ihchina.cn/Article/Index/getProject.html?category_id=16&type=1&limit=100&p=1,2026-08-06T10:14:54+00:00
I-37,西湖传说,民间文学,2,2008,new,浙江省杭州市,浙江省,杭州图书馆,http://www.ihchina.cn/Article/Index/getProject.html?category_id=16&type=1&limit=100&p=1,2026-08-06T10:14:54+00:00
I-38,刘伯温传说,民间文学,2,2008,new,浙江省文成县,浙江省,文成县非物质文化遗产保护中心,http://www.ihchina.cn/Article/Index/getProject.html?category_id=16&type=1&limit=100&p=1,2026-08-06T10:14:54+00:00
I-38,刘伯温传说,民间文学,2,2008,new,浙江省青田县,浙江省,青田县刘基研究会,http://www.ihchina.cn/Article/Index/getProject.html?category_id=16&type=1&limit=100&p=1,2026-08-06T10:14:54+00:00
I-39,黄初平(黄大仙)传说,民间文学,2,2008,new,浙江省金华市,浙江省,金华黄大仙文化研究会,http://www.ihchina.cn/Article/Index/getProject.html?category_id=16&type=1&limit=100&p=1,2026-08-06T10:14:54+00:00
I-4,牡帕密帕,民间文学,1,2006,new,云南省思茅市,云南省,澜沧拉祜族自治县文化馆,http://www.ihchina.cn/Article/Index/getProject.html?category_id=16&type=1&limit=100&p=1,2026-08-06T10:14:53+00:00
I-40,观音传说,民间文学,2,2008,new,浙江省舟山市,浙江省,舟山市普陀山风景名胜区管理委员会,http://www.ihchina.cn/Article/Index/getProject.html?category_id=16&type=1&limit=100&p=1,2026-08-06T10:14:54+00:00
I-41,徐福东渡传说,民间文学,2,2008,new,浙江省象山县,浙江省,象山县文化馆,http://www.ihchina.cn/Article/Index/getProject.html?category_id=16&type=1&limit=100&p=1,2026-08-06T10:14:54+00:00
I-41,徐福东渡传说,民间文学,2,2008,new,浙江省慈溪市,浙江省,慈溪市徐福研究会,http://www.ihchina.cn/Article/Index/getProject.html?category_id=16&type=1&limit=100&p=1,2026-08-06T10:14:54+00:00
I-41,徐福传说,民间文学,3,2011,extension,江苏省赣榆县,江苏省,连云港市赣榆区金山镇文化站,http://www.ihchina.cn/Article/Index/getProject.html?category_id=16&type=1&limit=100&p=1,2026-08-06T10:14:54+00:00
I-41,徐福传说,民间文学,3,2011,extension,山东省青岛市黄岛区,山东省,青岛市黄岛区文化馆,http://www.ihchina.cn/Article/Index/getProject.html?category_id=16&type=1&limit=100&p=1,2026-08-06T10:14:54+00:00
I-41,徐福传说,民间文学,3,2011,extension,山东省胶南市,山东省,青岛市黄岛区琅琊暨徐福研究会,http://www.ihchina.cn/Article/Index/getProject.html?category_id=16&type=1&limit=100&p=1,2026-08-06T10:14:54+00:00
I-42,陶朱公传说,民间文学,2,2008,new,山东省定陶县,山东省,菏泽市定陶区文化馆,http://www.ihchina.cn/Article/Index/getProject.html?category_id=16&type=1&limit=100&p=1,2026-08-06T10:14:54+00:00
I-43,麒麟传说,民间文学,2,2008,new,山东省嘉祥县,山东省,嘉祥县公共文化服务中心(嘉祥县图书馆、嘉祥县文化馆),http://www.ihchina.cn/Article/Index/getProject.html?category_id=16&type=1&limit=100&p=1,2026-08-06T10:14:54+00:00
I-43,麒麟传说,民间文学,2,2008,new,山东省巨野县,山东省,巨野县文化馆,http://www.ihchina.cn/Article/Index/getProject.html?category_id=16&type=1&limit=100&p=1,2026-08-06T10:14:54+00:00
I-44,鲁班传说,民间文学,2,2008,new,山东省滕州市,山东省,山东省滕州市文化馆,http://www.ihchina.cn/Article/Index/getProject.html?category_id=16&type=1&limit=100&p=1,2026-08-06T10:14:54+00:00
I-44,鲁班传说,民间文学,2,2008,new,山东省曲阜市,山东省,曲阜市公共文化服务中心(曲阜市文化馆、曲阜市图书馆、曲阜市非物质文化遗产保护中心),http://www.ihchina.cn/Article/Index/getProject.html?category_id=16&type=1&limit=100&p=1,2026-08-06T10:14:54+00:00
I-45,八仙传说,民间文学,2,2008,new,山东省蓬莱市,山东省,蓬莱市文化馆,http://www.ihchina.cn/Article/Index/getProject.html?category_id=16&type=1&limit=100&p=1,2026-08-06T10:14:54+00:00
I-46,秃尾巴老李的传说,民间文学,2,2008,new,山东省即墨市,山东省,青岛圣龙山旅游开发有限公司,http://www.ihchina.cn/Article/Index/getProject.html?category_id=16&type=1&limit=100&p=1,2026-08-06T10:14:54+00:00
I-46,秃尾巴老李的传说,民间文学,2,2008,new,山东省诸城市,山东省,诸城市文化馆,http://www.ihchina.cn/Article/Index/getProject.html?category_id=16&type=1&limit=100&p=2,2026-08-06T10:14:56+00:00
I-46,秃尾巴老李的传说,民间文学,2,2008,new,山东省文登市,山东省,威海市文登区文化馆(威海市文登区非物质文化遗产保护中心、威海市文登区美术馆),http://www.ihchina.cn/Article/Index/getProject.html?category_id=16&type=1&limit=100&p=2,2026-08-06T10:14:56+00:00
I-46,秃尾巴老李的传说,民间文学,2,2008,new,山东省莒县,山东省,莒县文化馆,http://www.ihchina.cn/Article/Index/getProject.html?category_id=16&type=1&limit=100&p=1,2026-08-06T10:14:54+00:00
I-47,屈原传说,民间文学,2,2008,new,湖北省秭归县,湖北省,秭归县文化馆(县非物质文化遗产保护中心),http://www.ihchina.cn/Article/Index/getProject.html?category_id=16&type=1&limit=100&p=2,2026-08-06T10:14:56+00:00
I-48,王昭君传说,民间文学,2,2008,new,湖北省兴山县,湖北省,兴山县文化馆,http://www.ihchina.cn/Article/Index/getProject.html?category_id=16&type=1&limit=100&p=2,2026-08-06T10:14:56+00:00
I-49,炎帝神农传说,民间文学,2,2008,new,湖北省随州市,湖北省,随县文化馆(随县非物质文化遗产保护中心),http://www.ihchina.cn/Article/Index/getProject.html?category_id=16&type=1&limit=100&p=2,2026-08-06T10:14:56+00:00
I-49,炎帝神农传说,民间文学,2,2008,new,湖北省神农架林区,湖北省,神农架林区群众艺术馆,http://www.ihchina.cn/Article/Index/getProject.html?category_id=16&type=1&limit=100&p=2,2026-08-06T10:14:56+00:00
I-5,刻道,民间文学,1,2006,new,贵州省施秉县,贵州省,施秉县非物质文化遗产保护中心,http://www.ihchina.cn/Article/Index/getProject.html?category_id=16&type=1&limit=100&p=1,2026-08-06T10:14:53+00:00
I-50,木兰传说,民间文学,2,2008,new,河南省虞城县,河南省,虞城县文化馆,http://www.ihchina.cn/Article/Index/getProject.html?category_id=16&type=1&limit=100&p=2,2026-08-06T10:14:56+00:00
I-50,木兰传说,民间文学,2,2008,new,湖北省武汉市黄陂区,湖北省,武汉市黄陂区文化馆(武汉市黄陂区非物质文化遗产保护中心),http://www.ihchina.cn/Article/Index/getProject.html?category_id=16&type=1&limit=100&p=2,2026-08-06T10:14:56+00:00
I-50,木兰传说,民间文学,3,2011,extension,陕西省延安市宝塔区,陕西省,延安市宝塔区文化馆,http://www.ihchina.cn/Article/Index/getProject.html?category_id=16&type=1&limit=100&p=2,2026-08-06T10:14:56+00:00
I-51,巴拉根仓的故事,民间文学,2,2008,new,内蒙古自治区通辽市,内蒙古自治区,通辽市群众艺术馆,http://www.ihchina.cn/Article/Index/getProject.html?category_id=16&type=1&limit=100&p=2,2026-08-06T10:14:56+00:00
I-52,北票民间故事,民间文学,2,2008,new,辽宁省北票市,辽宁省,北票市文旅体育事务服务中心(北票市博物馆、北票市文物考古研究所、北票市尹湛纳希纪念馆),http://www.ihchina.cn/Article/Index/getProject.html?category_id=16&type=1&limit=100&p=2,2026-08-06T10:14:56+00:00
I-53,满族民间故事,民间文学,2,2008,new,辽宁省文学艺术界联合会民间文艺家协会,辽宁省,辽宁省文化遗产保护中心(辽宁省非物质文化遗产保护中心),http://www.ihchina.cn/Article/Index/getProject.html?category_id=16&type=1&limit=100&p=2,2026-08-06T10:14:56+00:00
I-54,徐文长故事,民间文学,2,2008,new,浙江省绍兴市,浙江省,绍兴市文化馆、绍兴市非物质文化遗产保护中心,http://www.ihchina.cn/Article/Index/getProject.html?category_id=16&type=1&limit=100&p=2,2026-08-06T10:14:56+00:00
I-55,崂山民间故事,民间文学,2,2008,new,山东省青岛市崂山区,山东省,青岛市崂山区文化旅游产业协会,http://www.ihchina.cn/Article/Index/getProject.html?category_id=16&type=1&limit=100&p=2,2026-08-06T10:14:56+00:00
I-56,都镇湾故事,民间文学,2,2008,new,湖北省长阳土家族自治县,湖北省,长阳土家族自治县民族民间传统文化保护中心,http://www.ihchina.cn/Article/Index/getProject.html?category_id=16&type=1&limit=100&p=2,2026-08-06T10:14:56+00:00
I-57,盘古神话,民间文学,2,2008,new,河南省桐柏县,河南省,桐柏县人民文化馆,http://www.ihchina.cn/Article/Index/getProject.html?category_id=16&type=1&limit=100&p=2,2026-08-06T10:14:56+00:00
I-57,盘古神话,民间文学,2,2008,new,河南省泌阳县,河南省,泌阳县文化馆,http://www.ihchina.cn/Article/Index/getProject.html?category_id=16&type=1&limit=100&p=2,2026-08-06T10:14:56+00:00
I-58,邵原神话群,民间文学,2,2008,new,河南省济源市,河南省,济源市邵原镇女娲文化研究基地,http://www.ihchina.cn/Article/Index/getProject.html?category_id=16&type=1&limit=100&p=2,2026-08-06T10:14:56+00:00
I-59,嘎达梅林,民间文学,2,2008,new,内蒙古自治区科尔沁左翼中旗,内蒙古自治区,科尔沁左翼中旗文化遗产保护中心,http://www.ihchina.cn/Article/Index/getProject.html?category_id=16&type=1&limit=100&p=2,2026-08-06T10:14:56+00:00
I-6,白蛇传传说,民间文学,1,2006,new,江苏省镇江市,江苏省,镇江市非物质文化遗产保护中心,http://www.ihchina.cn/Article/Index/getProject.html?category_id=16&type=1&limit=100&p=1,2026-08-06T10:14:53+00:00
I-6,白蛇传传说,民间文学,1,2006,new,浙江省杭州市,浙江省,杭州市文化馆(杭州市非物质文化遗产保护中心),http://www.ihchina.cn/Article/Index/getProject.html?category_id=16&type=1&limit=100&p=1,2026-08-06T10:14:53+00:00
I-60,科尔沁潮尔史诗,民间文学,2,2008,new,内蒙古自治区,内蒙古自治区,内蒙古师范大学,http://www.ihchina.cn/Article/Index/getProject.html?category_id=16&type=1&limit=100&p=2,2026-08-06T10:14:56+00:00
I-61,仰阿莎,民间文学,2,2008,new,贵州省黔东南苗族侗族自治州,贵州省,黔东南苗族侗族自治州文化研究所,http://www.ihchina.cn/Article/Index/getProject.html?category_id=16&type=1&limit=100&p=2,2026-08-06T10:14:56+00:00
I-62,布依族盘歌,民间文学,2,2008,new,贵州省盘县,贵州省,盘州市非物质文化遗产保护中心,http://www.ihchina.cn/Article/Index/getProject.html?category_id=16&type=1&limit=100&p=2,2026-08-06T10:14:56+00:00
I-63,梅葛,民间文学,2,2008,new,云南省楚雄彝族自治州,云南省,楚雄彝族自治州非物质文化遗产保护中心,http://www.ihchina.cn/Article/Index/getProject.html?category_id=16&type=1&limit=100&p=2,2026-08-06T10:14:56+00:00
I-64,查姆,民间文学,2,2008,new,云南省双柏县,云南省,双柏县文化馆,http://www.ihchina.cn/Article/Index/getProject.html?category_id=16&type=1&limit=100&p=2,2026-08-06T10:14:56+00:00
I-65,达古达楞格莱标,民间文学,2,2008,new,云南省德宏傣族景颇族自治州,云南省,德宏州文化馆,http://www.ihchina.cn/Article/Index/getProject.html?category_id=16&type=1&limit=100&p=2,2026-08-06T10:14:56+00:00
I-66,哈尼哈吧,民间文学,2,2008,new,云南省元阳县,云南省,元阳县文化馆,http://www.ihchina.cn/Article/Index/getProject.html?category_id=16&type=1&limit=100&p=2,2026-08-06T10:14:56+00:00
I-67,召树屯与喃木诺娜,民间文学,2,2008,new,云南省西双版纳傣族自治州,云南省,西双版纳傣族自治州文化馆,http://www.ihchina.cn/Article/Index/getProject.html?category_id=16&type=1&limit=100&p=2,2026-08-06T10:14:56+00:00
I-68,米拉尕黑,民间文学,2,2008,new,甘肃省东乡族自治县,甘肃省,东乡族自治县文化馆,http://www.ihchina.cn/Article/Index/getProject.html?category_id=16&type=1&limit=100&p=2,2026-08-06T10:14:56+00:00
I-69,康巴拉伊,民间文学,2,2008,new,青海省治多县,青海省,治多县民族语文工作中心,http://www.ihchina.cn/Article/Index/getProject.html?category_id=16&type=1&limit=100&p=2,2026-08-06T10:14:56+00:00
I-7,梁祝传说,民间文学,1,2006,new,江苏省宜兴市,江苏省,宜兴市华夏梁祝文化研究会,http://www.ihchina.cn/Article/Index/getProject.html?category_id=16&type=1&limit=100&p=1,2026-08-06T10:14:53+00:00
I-7,梁祝传说,民间文学,1,2006,new,浙江省杭州市,浙江省,杭州市文化馆(杭州市非物质文化遗产保护中心),http://www.ihchina.cn/Article/Index/getProject.html?category_id=16&type=1&limit=100&p=1,2026-08-06T10:14:53+00:00
I-7,梁祝传说,民间文学,1,2006,new,浙江省宁波市,浙江省,宁波梁祝文化园管理有限公司,http://www.ihchina.cn/Article/Index/getProject.html?category_id=16&type=1&limit=100&p=1,2026-08-06T10:14:53+00:00
I-7,梁祝传说,民间文学,1,2006,new,浙江省上虞市,浙江省,绍兴市上虞区文化馆(区非物质遗产保护中心),http://www.ihchina.cn/Article/Index/getProject.html?category_id=16&type=1&limit=100&p=1,2026-08-06T10:14:53+00:00
I-7,梁祝传说,民间文学,1,2006,new,山东省济宁市,山东省,济宁市梁祝文化研究会,http://www.ihchina.cn/Article/Index/getProject.html?category_id=16&type=1&limit=100&p=1,2026-08-06T10:14:53+00:00
I-7,梁祝传说,民间文学,1,2006,new,河南省汝南县,河南省,汝南县文化馆,http://www.ihchina.cn/Article/Index/getProject.html?category_id=16&type=1&limit=100&p=1,2026-08-06T10:14:53+00:00
I-70,汗青格勒,民间文学,2,2008,new,青海省海西蒙古族藏族自治州,青海省,海西州文化馆(海西州非物质文化遗产传承保护中心、 海西州民族文化体育活动中心),http://www.ihchina.cn/Article/Index/getProject.html?category_id=16&type=1&limit=100&p=2,2026-08-06T10:14:56+00:00
I-71,维吾尔族达斯坦,民间文学,2,2008,new,新疆维吾尔自治区,新疆维吾尔自治区,新疆维吾尔自治区民间文艺家协会,http://www.ihchina.cn/Article/Index/getProject.html?category_id=16&type=1&limit=100&p=2,2026-08-06T10:14:56+00:00
I-72,哈萨克族达斯坦,民间文学,2,2008,new,新疆维吾尔自治区文学艺术界联合会民间文艺家协会,新疆维吾尔自治区,新疆维吾尔自治区民间文艺家协会,http://www.ihchina.cn/Article/Index/getProject.html?category_id=16&type=1&limit=100&p=2,2026-08-06T10:14:56+00:00
I-72,哈萨克族达斯坦,民间文学,2,2008,new,新疆维吾尔自治区沙湾县,新疆维吾尔自治区,沙湾县文化馆,http://www.ihchina.cn/Article/Index/getProject.html?category_id=16&type=1&limit=100&p=2,2026-08-06T10:14:56+00:00
I-72,哈萨克族达斯坦,民间文学,2,2008,new,新疆维吾尔自治区福海县,新疆维吾尔自治区,福海县文化馆,http://www.ihchina.cn/Article/Index/getProject.html?category_id=16&type=1&limit=100&p=2,2026-08-06T10:14:56+00:00
I-73,珠郎娘美,民间文学,2,2008,new,贵州省榕江县,贵州省,榕江县非物质文化遗产保护中心,http://www.ihchina.cn/Article/Index/getProject.html?category_id=16&type=1&limit=100&p=2,2026-08-06T10:14:56+00:00
I-73,珠郎娘美,民间文学,2,2008,new,贵州省从江县,贵州省,从江县非物质文化遗产保护中心,http://www.ihchina.cn/Article/Index/getProject.html?category_id=16&type=1&limit=100&p=2,2026-08-06T10:14:56+00:00
I-74,司岗里,民间文学,2,2008,new,云南省沧源佤族自治县,云南省,沧源佤族自治县文化馆,http://www.ihchina.cn/Article/Index/getProject.html?category_id=16&type=1&limit=100&p=2,2026-08-06T10:14:56+00:00
I-74,司岗里,民间文学,3,2011,extension,云南省西盟佤族自治县,云南省,西盟佤族自治县文化馆,http://www.ihchina.cn/Article/Index/getProject.html?category_id=16&type=1&limit=100&p=2,2026-08-06T10:14:56+00:00
I-75,彝族克智,民间文学,2,2008,new,四川省美姑县,四川省,美姑县文化馆,http://www.ihchina.cn/Article/Index/getProject.html?category_id=16&type=1&limit=100&p=2,2026-08-06T10:14:56+00:00
I-76,苗族贾理,民间文学,2,2008,new,贵州省黔东南苗族侗族自治州,贵州省,黔东南苗族侗族自治州文化研究所,http://www.ihchina.cn/Article/Index/getProject.html?category_id=16&type=1&limit=100&p=2,2026-08-06T10:14:56+00:00
I-77,藏族婚宴十八说,民间文学,2,2008,new,青海省,青海省,青海省文化馆,http://www.ihchina.cn/Article/Index/getProject.html?category_id=16&type=1&limit=100&p=2,2026-08-06T10:14:56+00:00
I-78,童谣(北京童谣),民间文学,2,2008,new,北京市宣武区,北京市,北京市宣武师范学校附属第一小学,http://www.ihchina.cn/Article/Index/getProject.html?category_id=16&type=1&limit=100&p=2,2026-08-06T10:14:56+00:00
I-78,童谣(闽南童谣),民间文学,2,2008,new,福建省厦门市,福建省,厦门市集美区灌口小学(福建省厦门实验小学集美分校),http://www.ihchina.cn/Article/Index/getProject.html?category_id=16&type=1&limit=100&p=2,2026-08-06T10:14:56+00:00
I-78,童谣(绍兴童谣),民间文学,4,2014,extension,浙江省绍兴市,浙江省,绍兴市文化馆、绍兴市非物质文化遗产保护中心,http://www.ihchina.cn/Article/Index/getProject.html?category_id=16&type=1&limit=100&p=2,2026-08-06T10:14:56+00:00
I-78,童谣(纳西族童谣),民间文学,5,2021,extension,云南省丽江市古城区,云南省,古城区非物质文化遗产保护管理中心,http://www.ihchina.cn/Article/Index/getProject.html?category_id=16&type=1&limit=100&p=2,2026-08-06T10:14:56+00:00
I-79,桐城歌,民间文学,2,2008,new,安徽省桐城市,安徽省,桐城市文化馆,http://www.ihchina.cn/Article/Index/getProject.html?category_id=16&type=1&limit=100&p=2,2026-08-06T10:14:56+00:00
I-8,孟姜女传说,民间文学,1,2006,new,山东省淄博市,山东省,淄博市淄川区公共文化服务中心(加挂淄川区文化馆、淄川区美术馆牌子),http://www.ihchina.cn/Article/Index/getProject.html?category_id=16&type=1&limit=100&p=1,2026-08-06T10:14:53+00:00
I-8,孟姜女传说,民间文学,2,2008,extension,河北省秦皇岛市,河北省,秦皇岛市山海关区文化馆,http://www.ihchina.cn/Article/Index/getProject.html?category_id=16&type=1&limit=100&p=1,2026-08-06T10:14:53+00:00
I-8,孟姜女传说,民间文学,2,2008,extension,湖南省津市市,湖南省,津市市文化馆(津市市美术馆),http://www.ihchina.cn/Article/Index/getProject.html?category_id=16&type=1&limit=100&p=1,2026-08-06T10:14:53+00:00
I-8,孟姜女传说,民间文学,3,2011,extension,山东省莒县,山东省,莒县文化馆,http://www.ihchina.cn/Article/Index/getProject.html?category_id=16&type=1&limit=100&p=1,2026-08-06T10:14:53+00:00
I-8,孟姜女传说,民间文学,4,2014,extension,山东省莱芜市莱城区,山东省,济南市文化馆(济南市非物质文化遗产保护中心、济南市艺术创作研究院),http://www.ihchina.cn/Article/Index/getProject.html?category_id=16&type=1&limit=100&p=1,2026-08-06T10:14:53+00:00
I-80,土家族梯玛歌,民间文学,2,2008,new,湖南省龙山县,湖南省,龙山县非物质文化遗产保护中心,http://www.ihchina.cn/Article/Index/getProject.html?category_id=16&type=1&limit=100&p=2,2026-08-06T10:14:56+00:00
I-81,雷州歌,民间文学,2,2008,new,广东省雷州市,广东省,雷州市雷歌研究会,http://www.ihchina.cn/Article/Index/getProject.html?category_id=16&type=1&limit=100&p=2,2026-08-06T10:14:56+00:00
I-82,壮族嘹歌,民间文学,2,2008,new,广西壮族自治区平果县,广西壮族自治区,平果市文化体育推广中心(平果市民俗文化传承展示中心),http://www.ihchina.cn/Article/Index/getProject.html?category_id=16&type=1&limit=100&p=2,2026-08-06T10:14:56+00:00
I-83,柯尔克孜约隆,民间文学,2,2008,new,新疆师范大学,新疆维吾尔自治区,新疆师范大学,http://www.ihchina.cn/Article/Index/getProject.html?category_id=16&type=1&limit=100&p=2,2026-08-06T10:14:56+00:00
I-83,柯尔克孜约隆,民间文学,2,2008,new,新疆维吾尔自治区阿克陶县,新疆维吾尔自治区,新疆阿克陶县文化馆,http://www.ihchina.cn/Article/Index/getProject.html?category_id=16&type=1&limit=100&p=2,2026-08-06T10:14:56+00:00
I-84,笑话(万荣笑话),民间文学,2,2008,new,山西省万荣县,山西省,万荣县笑话发展协会,http://www.ihchina.cn/Article/Index/getProject.html?category_id=16&type=1&limit=100&p=2,2026-08-06T10:14:56+00:00
I-85,天坛传说,民间文学,3,2011,new,北京市东城区,北京市,北京市天坛公园管理处,http://www.ihchina.cn/Article/Index/getProject.html?category_id=16&type=1&limit=100&p=2,2026-08-06T10:14:56+00:00
I-86,曹雪芹传说,民间文学,3,2011,new,北京市海淀区,北京市,北京市植物园,http://www.ihchina.cn/Article/Index/getProject.html?category_id=16&type=1&limit=100&p=2,2026-08-06T10:14:56+00:00
I-87,契丹始祖传说,民间文学,3,2011,new,河北省平泉县,河北省,平泉市文化馆,http://www.ihchina.cn/Article/Index/getProject.html?category_id=16&type=1&limit=100&p=2,2026-08-06T10:14:56+00:00
I-88,赵氏孤儿传说,民间文学,3,2011,new,山西省盂县,山西省,盂县人民文化馆,http://www.ihchina.cn/Article/Index/getProject.html?category_id=16&type=1&limit=100&p=2,2026-08-06T10:14:56+00:00
I-89,白马拖缰传说,民间文学,3,2011,new,山西省晋城市城区,山西省,晋城市城区文化馆,http://www.ihchina.cn/Article/Index/getProject.html?category_id=16&type=1&limit=100&p=2,2026-08-06T10:14:56+00:00
I-9,董永传说,民间文学,1,2006,new,山西省万荣县,山西省,万荣县文化馆,http://www.ihchina.cn/Article/Index/getProject.html?category_id=16&type=1&limit=100&p=1,2026-08-06T10:14:54+00:00
I-9,董永传说,民间文学,1,2006,new,江苏省东台市,江苏省,东台市文化馆,http://www.ihchina.cn/Article/Index/getProject.html?category_id=16&type=1&limit=100&p=1,2026-08-06T10:14:54+00:00
I-9,董永传说,民间文学,1,2006,new,河南省武陟县,河南省,武陟县董永文化服务中心,http://www.ihchina.cn/Article/Index/getProject.html?category_id=16&type=1&limit=100&p=1,2026-08-06T10:14:54+00:00
I-9,董永传说,民间文学,1,2006,new,湖北省孝感市,湖北省,孝感市群众艺术馆(孝感市非物质文化遗产保护中心),http://www.ihchina.cn/Article/Index/getProject.html?category_id=16&type=1&limit=100&p=1,2026-08-06T10:14:54+00:00
I-9,董永传说,民间文学,2,2008,extension,山东省博兴县,山东省,博兴县文化馆,http://www.ihchina.cn/Article/Index/getProject.html?category_id=16&type=1&limit=100&p=1,2026-08-06T10:14:54+00:00
I-9,董永传说,民间文学,2,2008,extension,江苏省金坛市,江苏省,常州市金坛区文化馆,http://www.ihchina.cn/Article/Index/getProject.html?category_id=16&type=1&limit=100&p=1,2026-08-06T10:14:54+00:00
I-9,董永传说,民间文学,3,2011,extension,江苏省丹阳市,江苏省,丹阳市文化馆,http://www.ihchina.cn/Article/Index/getProject.html?category_id=16&type=1&limit=100&p=1,2026-08-06T10:14:54+00:00
I-90,舜的传说,民间文学,3,2011,new,山西省沁水县,山西省,沁水县文化馆,http://www.ihchina.cn/Article/Index/getProject.html?category_id=16&type=1&limit=100&p=2,2026-08-06T10:14:56+00:00
I-90,舜的传说,民间文学,3,2011,new,山东省诸城市,山东省,诸城市文化馆,http://www.ihchina.cn/Article/Index/getProject.html?category_id=16&type=1&limit=100&p=2,2026-08-06T10:14:56+00:00
I-91,禹的传说,民间文学,3,2011,new,四川省北川羌族自治县,四川省,北川羌族自治县文化馆,http://www.ihchina.cn/Article/Index/getProject.html?category_id=16&type=1&limit=100&p=2,2026-08-06T10:14:56+00:00
I-91,禹的传说,民间文学,3,2011,new,四川省汶川县,四川省,汶川县文化馆,http://www.ihchina.cn/Article/Index/getProject.html?category_id=16&type=1&limit=100&p=2,2026-08-06T10:14:56+00:00
I-91,禹的传说(武汉大禹治水传说),民间文学,5,2021,extension,湖北省武汉市汉阳区,湖北省,武汉市晴川阁管理处(武汉大禹文化博物馆),http://www.ihchina.cn/Article/Index/getProject.html?category_id=16&type=1&limit=100&p=2,2026-08-06T10:14:56+00:00
I-92,防风传说,民间文学,3,2011,new,浙江省德清县,浙江省,德清县文化馆,http://www.ihchina.cn/Article/Index/getProject.html?category_id=16&type=1&limit=100&p=2,2026-08-06T10:14:56+00:00
I-93,盘瓠传说,民间文学,3,2011,new,湖南省泸溪县,湖南省,泸溪县非物质文化遗产保护中心,http://www.ihchina.cn/Article/Index/getProject.html?category_id=16&type=1&limit=100&p=2,2026-08-06T10:14:56+00:00
I-94,庄子传说,民间文学,3,2011,new,山东省东明县,山东省,山东省东明县文化馆,http://www.ihchina.cn/Article/Index/getProject.html?category_id=16&type=1&limit=100&p=2,2026-08-06T10:14:56+00:00
I-95,柳毅传说,民间文学,3,2011,new,山东省潍坊市寒亭区,山东省,潍坊市寒亭区文化馆,http://www.ihchina.cn/Article/Index/getProject.html?category_id=16&type=1&limit=100&p=2,2026-08-06T10:14:56+00:00
I-96,禅宗祖师传说,民间文学,3,2011,new,湖北省黄梅县,湖北省,黄梅县文化馆,http://www.ihchina.cn/Article/Index/getProject.html?category_id=16&type=1&limit=100&p=2,2026-08-06T10:14:56+00:00
I-96,禅宗祖师传说(六祖传说),民间文学,5,2021,extension,广东省云浮市新兴县,广东省,新兴县文化馆,http://www.ihchina.cn/Article/Index/getProject.html?category_id=16&type=1&limit=100&p=2,2026-08-06T10:14:56+00:00
I-97,布袋和尚传说,民间文学,3,2011,new,浙江省奉化市,浙江省,宁波市奉化区文化馆,http://www.ihchina.cn/Article/Index/getProject.html?category_id=16&type=1&limit=100&p=2,2026-08-06T10:14:56+00:00
I-98,钱王传说,民间文学,3,2011,new,浙江省临安市,浙江省,杭州市临安区文化馆(杭州市临安区非物质文化遗产保护中心),http://www.ihchina.cn/Article/Index/getProject.html?category_id=16&type=1&limit=100&p=2,2026-08-06T10:14:56+00:00
I-99,苏东坡传说,民间文学,3,2011,new,浙江省杭州市,浙江省,杭州西湖博物馆总馆(西湖学研究院、杭州西湖风景名胜区网宣中心),http://www.ihchina.cn/Article/Index/getProject.html?category_id=16&type=1&limit=100&p=2,2026-08-06T10:14:56+00:00
I-99,苏东坡传说,民间文学,4,2014,extension,湖北省黄冈市,湖北省,黄冈市群众艺术馆(黄冈市民俗博物馆),http://www.ihchina.cn/Article/Index/getProject.html?category_id=16&type=1&limit=100&p=2,2026-08-06T10:14:56+00:00
